CountryID,CountryName,GDP (current US$)_2015,GDP (current US$)_2016,GDP (current US$)_2017,GDP (current US$)_2018,GDP (current US$)_2019,GDP (current US$)_2020,GDP (current US$)_2021,GDP (current US$)_2022,GDP (current US$)_2023,GDP (current US$)_2024,"Population, total_2015","Population, total_2016","Population, total_2017","Population, total_2018","Population, total_2019","Population, total_2020","Population, total_2021","Population, total_2022","Population, total_2023","Population, total_2024",GDP growth (annual %)_2015,GDP growth (annual %)_2016,GDP growth (annual %)_2017,GDP growth (annual %)_2018,GDP growth (annual %)_2019,GDP growth (annual %)_2020,GDP growth (annual %)_2021,GDP growth (annual %)_2022,GDP growth (annual %)_2023,GDP growth (annual %)_2024,"Inflation, consumer prices (annual %)_2015","Inflation, consumer prices (annual %)_2016","Inflation, consumer prices (annual %)_2017","Inflation, consumer prices (annual %)_2018","Inflation, consumer prices (annual %)_2019","Inflation, consumer prices (annual %)_2020","Inflation, consumer prices (annual %)_2021","Inflation, consumer prices (annual %)_2022","Inflation, consumer prices (annual %)_2023","Inflation, consumer prices (annual %)_2024","Unemployment, total (% of total labor force)_2015","Unemployment, total (% of total labor force)_2016","Unemployment, total (% of total labor force)_2017","Unemployment, total (% of total labor force)_2018","Unemployment, total (% of total labor force)_2019","Unemployment, total (% of total labor force)_2020","Unemployment, total (% of total labor force)_2021","Unemployment, total (% of total labor force)_2022","Unemployment, total (% of total labor force)_2023","Unemployment, total (% of total labor force)_2024","Foreign direct investment, net inflows (BoP, current US$)_2015","Foreign direct investment, net inflows (BoP, current US$)_2016","Foreign direct investment, net inflows (BoP, current US$)_2017","Foreign direct investment, net inflows (BoP, current US$)_2018","Foreign direct investment, net inflows (BoP, current US$)_2019","Foreign direct investment, net inflows (BoP, current US$)_2020","Foreign direct investment, net inflows (BoP, current US$)_2021","Foreign direct investment, net inflows (BoP, current US$)_2022","Foreign direct investment, net inflows (BoP, current US$)_2023","Foreign direct investment, net inflows (BoP, current US$)_2024","Total reserves (includes gold, current US$)_2015","Total reserves (includes gold, current US$)_2016","Total reserves (includes gold, current US$)_2017","Total reserves (includes gold, current US$)_2018","Total reserves (includes gold, current US$)_2019","Total reserves (includes gold, current US$)_2020","Total reserves (includes gold, current US$)_2021","Total reserves (includes gold, current US$)_2022","Total reserves (includes gold, current US$)_2023","Total reserves (includes gold, current US$)_2024"
ABW,Aruba,2962907262.56983,2983635195.53073,3092429050.27933,3276184357.5419,3395798882.68156,2481857122.8401,2929446578.25104,3279343543.60416,3648573136.15155,,107906.0,108727.0,108735.0,108908.0,109203.0,108587.0,107700.0,107310.0,107359.0,,-0.623625902371245,1.71962497989442,7.04853338603499,2.39708527621045,-2.23244039160568,-26.2118207828803,24.1326273569798,8.51791810517545,4.26371941452948,,0.474763597342641,-0.931195987079561,-1.02828178762012,3.62604141352961,4.25746204335428,,,,,,,,,,,,,,,,-26881396.993856,27550827.0999312,162456842.302022,144146269.421966,-75226540.6843182,161066979.086053,133545121.178455,248150282.616618,-137459364.921322,,815800560.0,922550890.0,907111452.513966,980247680.0,982300000.0,1212578720.0,1512960280.0,1543940590.0,1468151730.0,
AFE,Africa Eastern and Southern,898277807343.005,828942805457.755,972998927353.678,1012306000425.25,1009721174054.91,933391782089.617,1085745178850.97,1191423176242.96,1245472471675.95,,607123269.0,623369401.0,640058741.0,657801085.0,675950189.0,694446100.0,713090928.0,731821393.0,750503764.0,,3.00493689926236,2.19476089054338,2.68454305378005,2.66663182841025,2.19431852727669,-2.86429251059897,4.57639280212381,3.5538783639465,2.32013780158925,,5.24587835022454,6.59650490696543,6.39934341569381,4.72080474200535,4.64496717329569,5.40516207933392,7.24097765588442,10.7737512242899,7.12697482131851,,7.03635682492424,7.19466599460041,7.34633063442169,7.3605131044333,7.58441879909928,8.19139491127414,8.57738499231761,7.98520225155097,7.80636542181197,7.77265552201601,28638672651.1813,16660273376.0006,10328975517.5977,13594659433.1779,14927293396.981,13221013730.4892,54357695897.8689,21163231366.9797,21404116603.3531,,,,,,,,,,,
AFG,Afghanistan,19134221644.7325,18116572395.0772,18753456497.8159,18053222687.4126,18799444490.1128,19955929052.1496,14259995441.0759,14497243872.1337,17233051620.1117,,33831764.0,34700612.0,35688935.0,36743039.0,37856121.0,39068979.0,40000412.0,40578842.0,41454761.0,,1.45131466066431,2.26031420279821,2.6470032027451,1.18922812944517,3.91160341625552,-2.35110067203466,-20.7388393676343,-6.24017199240269,2.71088679128353,,-0.661709164713742,4.38389195513915,4.97595150553833,0.626149149168847,2.30237251516834,5.60188791482224,5.13320340824963,13.7121023720065,-4.64470870797775,-6.60118564073726,9.052,10.133,11.184,11.196,11.185,11.71,11.994,14.1,13.991,13.295,169146608.0,93591315.3,51533896.765,119435105.715177,23404553.647249,12970147.9832,20600980.0,,,,6976966153.82054,7281910524.1067,8097280955.90196,8206682106.31946,8497655795.34729,9748946326.71795,,,,
AFW,Africa Western and Central,771766914345.161,694360980069.456,687849196676.202,770494988148.76,826483769985.129,789801651563.294,849312422223.205,883973910898.854,799105950273.831,,418127845.0,429454743.0,440882906.0,452195915.0,463365429.0,474569351.0,485920997.0,497387180.0,509398589.0,,2.72036453616364,0.160782096930689,2.28981037958782,2.84475541662378,3.232902511937,-1.00399403959297,4.03762951350967,3.78967984579947,3.3547328190002,,2.13081738058791,1.48741550755546,1.72548602374723,1.78404994832039,1.98309228487231,2.49037783931944,3.74570045027359,7.94925143524016,5.22116801323998,,4.16446707837468,4.15757437388452,4.27419620395302,4.32363095413829,4.39527121076194,4.85239270055131,4.73673176237333,3.65857318082157,3.27724546605141,3.21831342109344,16597546703.8138,15648122109.4482,17742426799.2053,14952295848.1353,12821862479.1711,10985178644.3587,17014131795.9315,16601315046.039,19225613605.3468,,,,,,,,,,,
AGO,Angola,90496420506.5957,52761617225.9253,73690154990.7312,79450688259.3664,70897962732.0277,48501561203.5686,66505129987.7235,104399746853.401,84824654481.7249,,28157798.0,29183070.0,30234839.0,31297155.0,32375632.0,33451132.0,34532429.0,35635029.0,36749906.0,,0.943571561325001,-2.58004964404932,-0.147212941085755,-1.31636168896895,-0.702272957616017,-5.63821471714934,1.19921052145153,3.04472652391918,1.00128936028298,,9.35597215533784,30.6944150806719,29.8444799015679,19.6289379701521,17.080954143438,22.271539247051,25.7542948841891,21.3552901320822,13.6441017767715,28.2404948915772,16.49,16.575,16.61,16.594,16.497,16.69,15.799,14.602,14.537,14.464,10028215162.6394,-179517618.92,-7397295409.18991,-6456076413.12033,-4098478747.63755,-1866468113.07454,-4355116552.71589,-6598652652.09389,-2119632185.51477,,23790543425.2351,23672191989.4347,17455327770.6619,15410405365.47,16334853784.0603,13781988139.5961,14468113825.809,13654715740.4529,13942114198.8828,14242892504.625
ALB,Albania,11386853113.0189,11861199830.8396,13019726211.7369,15379509891.7196,15585105131.0644,15241458744.8688,18032010563.7558,19017242585.7803,23547179830.4413,,2880703.0,2876101.0,2873457.0,2866376.0,2854191.0,2837849.0,2811666.0,2777689.0,2745972.0,,2.21872637517804,3.31498068384137,3.80259872019053,4.01934561695576,2.06256753999989,-3.31371614712083,8.96955339178935,4.82668831434437,3.93662525742167,,3.50120835492657,-0.367317209784652,2.06059845920226,2.02805963071135,1.41109078954251,1.62088661717004,2.04147163139545,6.7252027153006,4.75976421930106,2.21448953273294,17.193,15.418,13.616,12.304,11.466,11.69,11.474,10.137,10.108,10.25,989578334.828616,1044389554.85795,1022757857.07377,1204383363.60476,1201022154.46643,1069744879.65453,1218586452.37158,1441381891.41694,1620982550.5431,,3138517990.16501,3108607051.81759,3588583656.8278,3893560031.06681,3763661058.67744,4817386149.20461,5634561133.54085,5266463583.50313,6455445543.45668,
AND,Andorra,2789881258.50362,2896610479.73077,3000162081.11976,3218419896.9641,3155149347.80639,2891001149.3611,3324647529.381,3380612573.32922,3785067331.7625,,72174.0,72181.0,73763.0,75162.0,76474.0,77380.0,78364.0,79705.0,80856.0,,1.43414039522716,3.70967806978986,0.346071889630295,1.58876549046354,2.01554763848308,-11.1839399355384,8.28677879049404,9.56461225648184,2.58355480961319,,,,,,,,,,,,,,,,,,,,,,,,,,,,,,,,,,,,,,,,,
ARB,Arab World,2544700996740.79,2500823407237.94,2572203993723.9,2867348492603.59,2899029698316.63,2562783626987.73,2969239218342.03,3609805711776.49,3512421040998.19,,410190679.0,419808341.0,428315886.0,435998060.0,444281315.0,453723239.0,460646603.0,471352066.0,481667539.0,,3.24398890309855,3.61430679933925,1.53775331351054,2.63004003510846,1.58371466354251,-4.71178424288769,4.03110635309368,5.72143310855439,1.02075134315025,,1.84862742374977,2.6765917009819,2.17183298510006,2.45814158007532,1.09184802655856,1.61222220402456,2.96581008346283,5.08754200853911,3.64216403030709,,11.1489135724281,10.8562902038262,11.1131075474704,10.6597396349929,10.2160980238311,11.3256125416623,10.8896587837575,9.9535706462442,9.59035028813167,9.49775858560165,21337111052.2071,47085439651.6689,30527077377.2239,42865771096.2678,34413431967.3474,32410671974.4138,68885397873.7188,77262721183.4329,85245219618.0633,,,,,,,,,,,
ARE,United Arab Emirates,370275469560.166,369255326235.771,390516804016.501,427049432149.345,417989721734.494,349473015336.939,415178792769.884,502731935197.487,514130432653.081,,8505237.0,8935095.0,9223225.0,9346701.0,9445785.0,9401038.0,9575152.0,10074977.0,10483751.0,,6.78677287945216,5.56149075496799,0.735068713165646,1.31391388141118,1.10834813893099,-4.95705243652739,4.35475529921305,7.50969703221836,3.61870653547174,,4.06996608361593,1.61748808904198,1.96682557818842,3.06863379251997,-1.93108114782173,-2.07940317940944,0.179935336174431,5.29122604376849,1.62670837213248,,1.793,1.64,2.462,2.236,2.331,4.294,3.105,2.872,2.151,2.133,8550901850.0,9604773000.0,10354223000.0,10385286000.0,17874660000.0,19884470000.0,20667120000.0,22736560000.0,30687540000.0,,93929134196.4176,85390832746.3078,95377648625.516,99503335478.7452,108359358451.761,106701571777.291,131116705892.304,138433303844.914,189490945175.271,231690115819.935
ARG,Argentina,594749285413.212,557532320662.955,643628393281.364,524819892360.176,447754683615.225,385740508436.965,486564085480.036,632790070063.124,646075277525.125,,43477012.0,43900313.0,44288894.0,44654882.0,44973465.0,45191965.0,45312281.0,45407904.0,45538401.0,,2.73115982828944,-2.08032784377811,2.81850297775918,-2.61739646282038,-2.00086100285785,-9.9004848136464,10.4418119882506,5.26987967384072,-1.61100162090189,,,,,,,,,,,,7.579,8.085,8.347,9.22,9.843,11.461,8.736,6.805,6.139,7.876,11758994011.286,3260164341.77393,11516861462.2845,11716769818.7543,6649187837.98606,4884127675.95708,6658049679.27728,15200600517.715,23866141439.654,,25520565580.4894,38414518491.6132,55314409205.2189,66221501691.4418,44880566052.3703,39403734630.1228,39653498610.7828,44795335171.5152,23080560550.2946,24380645448.6721
ARM,Armenia,10553337518.414,10546136235.5219,11527458709.0158,12457940694.7395,13619290539.2116,12641698583.2152,13878908628.9378,19513506553.1251,24085749592.3359,,3004600.0,2992300.0,2979400.0,2969000.0,2962500.0,2961500.0,2962300.0,2969200.0,2990900.0,,3.19999999896625,0.199999999825991,7.50000000164144,5.19999999965324,7.59999999853918,-7.19999999920631,5.80000000065645,12.5999999997766,8.29999999959539,,3.73169119261693,-1.403607559009,0.969553268816138,2.52023382001638,1.44344660770698,1.21143577838465,7.18483629443371,8.64091108973855,1.98041877615554,0.269511978259125,18.261,17.617,17.704,18.966,18.304,18.175,15.469,13.379,13.245,13.329,184127986.314895,333823945.510433,252747990.684352,266855048.832037,100287214.397978,58582750.1214803,366445214.820501,975658909.266107,580365078.650983,,1775293493.7543,2204113991.25512,2314113951.27386,2259321868.53197,2849645182.4783,2615530571.20173,3229848044.69344,4111690218.3518,3607482711.24985,3684220974.74627
ASM,American Samoa,673000000.0,671000000.0,612000000.0,639000000.0,647000000.0,721000000.0,750000000.0,871000000.0,,,52878.0,52245.0,51586.0,50908.0,50209.0,49761.0,49225.0,48342.0,47521.0,,3.14960629921259,-1.67938931297709,-6.98757763975155,2.6711185308848,-0.487804878048777,4.41176470588236,-0.782472613458523,1.73501577287065,,,,,,,,,,,,,,,,,,,,,,,,,,,,,,,,,,,,,,,,,,
ATG,Antigua and Barbuda,1437755555.55556,1489692592.59259,1531151851.85185,1661529629.62963,1725351851.85185,1410796296.2963,1601366666.66667,1867733333.33333,2033085185.18518,,89409.0,89969.0,90468.0,90926.0,91364.0,91846.0,92349.0,92840.0,93316.0,,1.44515529873077,4.09976553877765,2.46333336590416,6.95318609219737,3.10044514982847,-18.8803992026325,8.1917184618173,9.51639564359461,3.86201218730389,,0.968993458825638,-0.489437796230499,2.43248789041363,1.20715793367008,1.43135598182984,0.625989707046719,2.06299638545334,7.53107834634288,5.06713865364213,,,,,,,,,,,,114024660.121814,97431976.4735789,151271628.230867,202333092.274125,133908540.37037,96381781.1111111,289816410.0,313270088.888889,327939063.703704,,355728253.383608,330090979.265027,313645370.808951,328659747.502549,279133212.713698,221808945.85044,367511735.686638,396505745.512243,364367020.196401,358440631.721895
AUS,Australia,1351296372254.31,1206836962281.84,1325582658156.54,1427809041019.44,1392723834562.64,1328414058378.38,1556735770437.26,1690858246994.43,1728057316695.61,,23815995.0,24190907.0,24592588.0,24963258.0,25334826.0,25649248.0,25685412.0,26014399.0,26658948.0,,2.19016928695221,2.7593859723839,2.27959179820343,2.87846971467883,2.17154505737176,-0.119590735829973,2.11116814768786,4.24238555336139,3.44199220009025,,1.50836672165921,1.27699094497324,1.94864740944527,1.91140094445691,1.61076787290379,0.846905537459305,2.86391042204994,6.59409671341846,5.5970149253731,3.1616142830575,6.055,5.711,5.592,5.3,5.159,6.456,5.116,3.728,3.668,4.072,46892808567.8516,42970225977.7088,48199372039.9015,60686639529.923,38745129661.1196,17976843681.3118,31518948092.7139,70364982117.0187,32619020577.2036,,45406035070.596,52480791522.7773,65653718118.1818,53909533420.3007,57994685703.4779,42544629264.9892,57877502314.3513,56701901829.6459,61703347652.0138,54455310269.2777
AUT,Austria,379546097300.633,393687359770.273,414926138132.691,452582294972.775,442983642371.842,434397601557.696,480467037338.783,471773629830.381,511685203845.001,,8642699.0,8736668.0,8797566.0,8840521.0,8879920.0,8916864.0,8955797.0,9041851.0,9131761.0,,1.30352309798889,2.11721967096108,2.27225012037459,2.48422086689928,1.7549764558533,-6.31825528670208,4.79532910551458,5.27789421203715,-0.954962366849259,,0.89656333526032,0.891591752655362,2.08126911385587,1.9983798142954,1.53089564152644,1.38191063351862,2.7666666666667,8.5468699318845,7.81413417002832,2.93791574279383,5.802,6.064,5.561,4.933,4.56,5.201,6.459,4.992,5.264,5.439,-6847372583.72227,-28502567388.3665,14031983575.0406,-27839206246.3826,-12636357247.4569,-12003798872.8906,18998114634.0552,14301504457.0346,2924935668.81844,,22239731667.636,23255493380.5846,21565331649.2621,23190665221.0656,23616397437.8114,30439562425.1269,33957000220.5267,33077693776.3888,31212271321.99,11918528062.0747
AZE,Azerbaijan,53076235354.746,37866996882.9157,40866627351.9817,47112470051.7701,48174235294.1176,42693000000.0,54825411764.7059,78807470588.2353,72356176470.5882,,9649341.0,9757812.0,9854033.0,9939771.0,10024283.0,10093121.0,10137750.0,10141756.0,10153958.0,,1.09397591627469,-3.09999988037266,0.199999938958655,1.49999999999999,2.50000006743734,-4.30000010230737,5.61645102853028,4.71480236521231,1.12397432709641,,4.02768573742726,12.4433748584372,12.9359184187335,2.26854690373999,2.61057182799215,2.75980947008127,6.65029912708779,13.8522590144267,8.78543049849081,2.21217188919901,4.96,5.0,5.0,4.9,5.0,7.24,6.04,5.65,5.636,5.594,4047630000.0,4499666000.0,2867487000.0,1402998000.0,1503918000.0,507151800.0,-1707666000.0,-4474481000.0,252836000.0,,7070555994.33957,6698545432.89916,7026285830.44112,6696420864.42018,7069418581.86676,7775084753.01305,8290112834.95499,11338378376.1944,13748751031.513,12699124299.9099
BDI,Burundi,3104003546.26497,2644487776.50077,2723586962.84034,2667182199.51333,2576518879.82353,2649680261.44299,2775798697.46022,3338722827.65691,2642161668.85211,,11047580.0,11239451.0,11506762.0,11859446.0,12255336.0,12617036.0,12965481.0,13321097.0,13689450.0,,-3.9000000804855,-0.600000909116389,0.500001262429279,1.60993542127714,1.81256532401552,0.327156892638385,3.09999999870627,1.84899943948213,2.70000059705133,,5.54468891259779,5.55768961400965,16.0525353030392,-2.81469807668465,-0.686772170797359,7.32110643415521,8.40453845076341,18.8008786664945,26.9414835762453,20.2124925027847,1.442,1.347,1.247,1.146,1.043,1.03,1.118,0.915,0.921,0.902,7360447.70883191,55456.6186128592,221005514.187153,6663532.44406275,30289708.9123114,21226213.0415059,22377441.9094287,25285988.3657221,34127983.5378171,,136134382.176262,95158477.5306259,97402580.4255521,68126200.7714545,111373704.053543,90319165.5391625,266164087.470182,158530300.559317,90349885.1781753,
BEL,Belgium,461044767544.531,474271566739.729,500908767351.53,542638913427.921,536726344405.489,529694473501.791,598494036474.409,593438820508.173,644782756682.756,,11274196.0,11331422.0,11375158.0,11427054.0,11488980.0,11538604.0,11586195.0,11680210.0,11787423.0,,1.47416438588013,1.19350263995111,1.47446765653092,1.87796857219402,2.44289006648609,-4.79298389726264,6.20255401586081,4.2334318336917,1.25170063203595,,0.561429152790065,1.97385264653181,2.12597086002607,2.05316499865186,1.43681956996429,0.740791812220344,2.44024851144084,9.597511728725,4.04901077613941,3.14349136500041,8.482,7.83,7.09,5.941,5.364,5.545,6.248,5.57,5.528,5.488,-19514245854.7287,57538351507.0684,-37288840312.4531,-41601387266.7493,-10587088044.2371,-30416922630.7659,35347519888.6006,11875049208.5361,-2776119886.70005,,24101851039.0629,23480922147.456,26151437584.4711,26856799008.9529,28969986952.2765,33296227564.694,41872371153.497,41273547745.1949,40812779631.4112,22374333716.1493
BEN,Benin,11388160997.1089,11821065852.1271,12701655845.9612,14262408079.7014,14391686309.033,15651545208.8783,17690083519.9323,17401746309.2655,19676049075.7011,,11360681.0,11697842.0,12039780.0,12383347.0,12726755.0,13070169.0,13413417.0,13759501.0,14111034.0,,1.77815106030278,3.33967342629693,5.67156195150444,6.69725362180888,6.86568662848335,3.84879240030133,7.1554516457574,6.25324491401346,6.35282160914288,,0.218785923536154,-0.793310145785534,0.0432648555103608,0.919170717886054,0.732849371240975,3.02272119663769,1.73353962694036,1.35077863583527,2.73102465280233,,1.82,1.784,1.659,1.41,1.214,1.502,1.779,1.685,1.657,1.722,149755663.330268,131790853.84079,200902719.348051,194073683.196866,218207871.715642,174019952.063051,345985235.68003,375988902.223793,433851310.0,,,,,,,,,,,
BFA,Burkina Faso,11832159315.6298,12833363045.3367,14106955615.3442,15890066221.2882,16032813503.3707,17725010532.5268,19697516284.3787,18820218690.5948,20324617844.5265,,18777487.0,19334856.0,19894407.0,20438288.0,20961952.0,21478690.0,21995243.0,22509038.0,23025776.0,,3.9212287937935,5.95797670754024,6.20348941121868,6.60456906812341,5.88920497068135,2.01077262406221,6.94252492572348,1.4972397409897,2.96018147384929,,0.724838981070517,0.441041448058902,1.48299897161325,1.95594302672523,-3.2333893398333,1.88443993781991,3.65353287214209,14.2902354303358,0.742910428668841,4.19113446375394,4.461,4.587,4.656,4.695,4.71,5.04,5.2,5.389,5.348,5.166,231901703.683868,390622353.410172,2572690.32188177,268414907.946195,162970140.263612,-98777856.0144418,-79957355.3390048,669738240.850165,109438755.395966,,,,,,,,,,,
BGD,Bangladesh,195146608978.131,265224515675.034,293732446624.596,321362752441.78,351231654603.692,373979442362.193,416271647911.014,460131688909.301,437415331040.994,,159383179.0,160811932.0,162186147.0,163523103.0,164913055.0,166298024.0,167658854.0,169384897.0,171466990.0,,6.55263987816197,7.11347821270093,6.59024999794057,7.31941263014136,7.88191515117722,3.44801755122445,6.93867912442445,7.09982877575158,5.77511237007889,,6.19428022984984,5.51352572692995,5.70207015717239,5.54362139486476,5.59199639930629,5.69107474746211,5.54565430773473,7.69695437176898,9.8835030377921,10.4657482763412,4.396,4.35,4.372,4.407,4.441,5.436,5.327,4.593,4.454,4.68,2831152765.15515,2332724780.71108,1810395803.56746,2421626238.43717,1908045387.02685,1525312160.40493,1723856464.12346,1601074338.25184,1484418066.45823,,27493077971.9949,32283838538.9037,33431482893.1712,32028383716.595,32696936140.2925,43171735335.8001,46165532457.1555,33747202271.7021,21859709190.8892,20225279903.0585
BGR,Bulgaria,50811995688.6771,53964253211.84,59309748166.1179,66289266348.6504,68631726289.2794,70716821234.5967,84417951260.8091,90642851835.8996,102407653020.606,,7177991.0,7127822.0,7075947.0,7025037.0,6975761.0,6934015.0,6877743.0,6643324.0,6446596.0,,3.39755325869422,3.02662893138918,2.74592644707793,2.5494643471818,3.78885036478003,-3.21573743445016,7.78061481406978,4.03877758301681,1.88681483907177,,-0.104633261008385,-0.79864988645371,2.06159619443141,2.81454473824829,3.10372944796781,1.67244096855756,3.29774435299515,15.3252589264366,9.44284140088564,2.44651943006079,9.143,7.575,6.164,5.211,4.23,5.125,5.267,4.268,4.319,4.104,2221390000.0,1488430000.0,2007290000.0,1809860000.0,2221250000.0,3310660000.0,2335300000.0,4950920000.0,4058310000.0,,22153050488.9052,25176065815.9197,28375830876.2926,28711039864.6649,27901750798.6159,37860001348.6185,39187742752.2235,40989114449.5133,46333887862.1794,40269659585.9665
BHR,Bahrain,32523297872.3404,33884680851.0638,37204813829.7872,39567978723.4043,40446808510.6383,35837632978.7234,40840212765.9574,46680398936.1702,46079867021.2766,,1370322.0,1423726.0,1501116.0,1503091.0,1483756.0,1472204.0,1504365.0,1524693.0,1577059.0,,2.50787205267615,3.81499327422425,4.95383534123657,2.05258864979861,2.05287774418655,-5.9113629524152,4.35004091668986,5.98130282177125,2.9807927665851,,1.84862742374977,2.78679347602044,1.38671830576406,2.08766938046978,1.00582004702137,-2.31770629331379,-0.60631938514085,3.62574104304482,0.0746206782192256,0.919635459817651,1.16,1.192,1.194,1.2,1.223,1.781,1.541,1.326,1.154,1.102,64893617.0212766,243351063.829787,1426063829.78723,1654255319.14894,941755319.148936,1021276595.74468,1779255319.14894,1951329787.23404,6839627659.57447,,3546207932.19981,2611989314.00794,2823123079.34137,2334278370.00967,3902650742.43905,2523073657.45375,4993195962.86458,4774898054.78218,5117552034.50774,
BHS,"Bahamas, The",11671900000.0,11745100000.0,12236700000.0,12615800000.0,13016200000.0,9958200000.0,11368900000.0,13136400000.0,14338500000.0,,385346.0,388055.0,390485.0,392717.0,394675.0,395863.0,396373.0,397538.0,399440.0,,0.996758610594114,-0.961908776858536,2.79951863934495,2.62988985993933,-1.35726520928898,-21.4234630658488,15.4031489427848,10.7820132001503,2.63905598075102,,1.86148302863371,-0.346376929989397,1.51820700736147,2.26586346678736,2.49123527368046,0.0385210980054558,2.90491262928478,5.60540633583044,3.05291578969743,,12.0,12.7,9.8,10.0,9.336,12.027,11.032,9.272,8.643,8.463,76075924.75,390400036.41,304587573.117333,491404689.229667,482229306.391,434599799.803594,383064779.121094,530913950.39875,322456455.071094,,895475136.251959,1001933945.18353,1413972940.85571,1345344674.14449,1757782753.50028,2382077961.01193,2432716261.37975,2609421074.79741,2511681591.43478,
BIH,Bosnia and Herzegovina,16404348871.4437,17116926327.6247,18326373366.1105,20484053868.9246,20482608755.379,20226036564.4129,23672712242.2149,24534663636.1778,27514782476.0406,,3518541.0,3473003.0,3428682.0,3387000.0,3345533.0,3299349.0,3244907.0,3204802.0,3185073.0,,4.31475061116335,3.24225521171914,3.24410095889466,3.82749920546897,2.88734334414875,-3.01509514759861,7.38996234012757,4.22681101095546,2.21112447211205,,-1.03602303425474,-1.58410000000002,0.810133321953039,1.41710814018034,0.56278215406123,-1.0512960076349,1.98163900587622,14.0208440826771,6.1059011284828,1.69212733599724,27.695,25.408,20.527,18.4,15.692,15.868,14.897,12.657,10.668,10.723,383089615.729344,313198153.358835,509429047.915133,601783317.146818,447875544.610653,483278992.870742,767542282.660214,851454276.30085,1035178227.48115,,4790984890.64006,5136418168.10228,6473729518.60968,6808433501.27295,7207699940.37337,8707117939.31002,9475044026.14548,8761700726.02154,9204916833.8925,9127359544.3919
BLR,Belarus,56454889146.6088,47723545321.259,54725302249.8088,60031173807.7196,64410122847.3508,61371755326.2351,69673747131.87,73775179924.603,71857382745.6066,,9461076.0,9469379.0,9458989.0,9438785.0,9419758.0,9379952.0,9302585.0,9228071.0,9178298.0,,-3.82957055828389,-2.52644643552371,2.53218350022975,3.14919759375005,1.44645547691826,-0.672742950624155,2.43886212396819,-4.65839591573591,3.88624214456901,,13.5344897649735,11.8365807653497,6.03183725177793,4.87230220550684,5.59815595039854,5.54814357456511,9.46028389623103,15.209675274081,5.0005990309131,5.78531910428,5.881,5.844,5.648,4.763,4.165,4.049,3.9,3.574,3.461,3.361,1652300000.0,1246900000.0,1276300000.0,1426500000.0,1273300000.0,1393200000.0,1230721861.86,1606417743.38,1992107728.25,,4172797260.41231,4907608003.26984,7315236708.5196,7157559690.48716,9393817368.90426,7468343228.01747,8424740406.10705,7923329893.42426,8117798862.30499,4392189758.43984
BLZ,Belize,2193050000.0,2240200000.0,2266300000.0,2293250000.0,2388300000.0,2042850000.0,2420550000.0,2846700000.0,3066850000.0,,356333.0,364705.0,373202.0,380226.0,385829.0,390812.0,395346.0,402733.0,411106.0,,2.87618379515959,0.0545516535970023,-1.81285354051658,1.11057125008675,4.26763689618086,-13.9029100645218,17.7461701205679,9.65297772389758,1.14901682065862,,-0.861584009427748,0.663427167917601,1.14765339305816,0.269982622646335,0.187069385181424,0.121434644614894,3.23563659237071,6.27689319447544,4.38984017487675,3.28955985952768,7.578,7.0,6.596,7.896,9.053,10.784,10.322,8.763,8.267,7.0,59119223.8981488,32733410.9928006,31831615.5013862,122041646.954707,93910241.7033733,76202813.5002132,125495493.195585,140907967.620593,16037530.5268891,,437151657.938585,376735092.705476,312140148.194318,294468435.057294,277578761.136722,348090076.01987,420102782.499484,482145605.528777,473729034.128496,498087320.739572
BMU,Bermuda,6654541000.0,6899911000.0,7142316000.0,7225977000.0,7423465000.0,6887147000.0,7286607000.0,7827980000.0,8141700000.0,,63464.0,63449.0,63578.0,63831.0,64107.0,64382.0,64648.0,64749.0,64698.0,,0.775529699568978,-0.657206304259205,3.61141983706115,-0.432801300339307,0.306266735233933,-6.84286964270544,5.41909484048358,6.43113399633694,-0.0948235929642749,,,,,,,,,,,,,,,,,,,,,,-143094386.12,-73213793.633562,-288109270.997092,95416371.5,4389826.5,476518083.75,49675691.875,9926780.0,156440000.0,,,,,,,,,,,
BOL,Bolivia,33000198248.1292,33941126200.0606,37508642165.3366,40287647930.4761,40895322843.7851,36629843805.0216,40406111695.179,44008282877.9606,45135398008.8166,,11014705.0,11180020.0,11344587.0,11508368.0,11671386.0,11816299.0,11937360.0,12077154.0,12244159.0,,4.85718723245387,4.26392083754456,4.1952063010676,4.22362351118875,2.21670577750359,-8.73788443399127,6.11137275205746,3.60568038279472,3.08196524087036,,4.05961041135645,3.62321431764138,2.8227580554717,2.27205987230155,1.83954504969026,0.940742153381849,0.737383721452275,1.74632872945969,2.57688800489192,5.09976568317427,3.111,3.498,3.655,3.519,3.682,7.903,5.089,3.552,3.024,3.091,554643532.297183,335365530.426077,712474137.775022,302368781.37636,-216636843.1305,-1129487271.3377,583576424.725665,6236980.0828294,240143401.667071,,13049620686.0687,10053627485.0797,10245969449.6731,8929614182.53614,6455449941.6788,5247234668.79635,4730168839.86019,3752070996.50724,1799951502.87318,87100219.8598443
BRA,Brazil,1802212206904.68,1795693482652.52,2063514977334.32,1916933898038.36,1873288205186.45,1476107231194.11,1670647399034.67,1951923942083.32,2173665655937.27,,201675532.0,203218114.0,204703445.0,206107261.0,207455459.0,208660842.0,209550294.0,210306415.0,211140729.0,,-3.54576339269425,-3.27591690782192,1.32286905404399,1.783666761634,1.22077782360842,-3.2767587964736,4.76260437908608,3.01669435393015,2.90848048667777,,9.02990102416136,8.73914352329393,3.44637335032669,3.66485028376729,3.73297621216894,3.21176803803376,8.30165975585673,9.28010608956873,4.59356282283204,4.36746407652337,8.538,11.58,12.792,12.329,11.936,13.697,13.158,9.231,7.947,7.634,64738153494.44,74294627801.19,68885491315.23,78183840044.98,69174411753.45,38270116307.45,46440503520.19,74606361830.23,62441880089.59,71069841874.2,356464980327.488,364984039092.456,373955518686.487,374709673447.828,356886386911.979,355614251456.14,362210079181.317,324673449781.4,355021395541.562,318856510331.902
BRB,Barbados,5288057750.0,5330761500.0,5517340450.0,5629916200.0,5788288000.0,5168344450.0,5275242050.0,6257303500.0,6720733200.0,,278990.0,279598.0,280171.0,280711.0,281207.0,281698.0,282147.0,282318.0,282336.0,,-0.846098521356325,1.79193033431267,0.12844600157031,-1.17406509373819,0.652585417698418,-15.0543629495892,-0.254965880216531,17.8328630251327,4.09382010970572,,-1.11278992510967,1.28192813061895,4.66018463955996,3.67381410406801,4.10028964518461,,,,9.79207077126447,,9.803,8.247,8.622,8.322,8.412,9.777,9.433,8.365,7.878,7.529,688525943.309105,557500316.04356,91481933.165,241596500.0,215370130.0,262100000.0,238735060.0,200000000.0,224900000.0,,553604323.881265,431758241.990471,265841633.120924,533906813.039013,772118649.502051,1358013876.08841,1672884485.22112,1519660179.91512,1605919490.51553,
BRN,Brunei Darussalam,12930296852.4882,11400266055.3232,12128168046.7827,13566908401.1864,13469235348.2211,12005799664.2691,14006496614.3195,16681536442.5498,15128292980.8638,,422212.0,427564.0,432772.0,437810.0,442680.0,447404.0,451721.0,455370.0,458949.0,,-0.392383487933529,-2.47791776520457,1.32872651318183,0.0523710544736673,3.86884416432889,1.13357340605403,-1.59076248075436,-1.62833154022366,1.40706832327938,,-0.488347420743522,-0.278693265753083,-1.2605056462896,1.02505179290212,-0.390522069165529,1.94031996607184,1.73341388450593,3.68225030604216,0.35706431153689,-0.388674165036461,7.726,8.574,9.316,8.7,6.6,7.409,4.905,5.191,5.183,5.144,171289167.823995,-150550827.310313,467927550.316567,516202620.629746,373256767.246304,565542275.429333,204749379.815089,-292416275.450752,-50992640.1915361,,3366322585.18654,3487053368.54429,3488124299.73021,3407126454.77295,4272696957.80614,3997356505.31302,4982141345.7678,5034739047.43322,4482741926.02546,4032248415.87722
BTN,Bhutan,2187815803.82922,2357504760.5975,2591358009.79792,2583335721.20625,2735683570.28851,2457604334.15915,2768802959.60794,2898227743.13545,,,740618.0,747866.0,754335.0,759759.0,764824.0,770006.0,775442.0,780914.0,786385.0,,6.66080134005369,8.47594335542423,2.08684525771005,3.50187183723874,5.75514850618227,-10.2183974073689,4.42136740220592,5.21386781145085,,,4.54814395082205,3.21988689395718,4.95508366985129,2.72396386183713,2.72643037388832,5.62936522632508,7.3468144053353,5.6391667139637,4.22934419929251,2.76131569624098,2.45,2.705,3.016,3.35,2.72,5.03,4.803,5.947,3.126,2.856,6450953.84974429,11884162.3485119,-16553759.9525493,2649454.31118453,13011377.2857268,-2786960.89013149,6783112.48768633,8402097.14562732,11916048.289237,22778261.8023186,1103179128.57933,1127277331.66278,1206238190.85106,987247035.583982,1238371618.29552,1426914817.73783,1049605755.17506,825755411.679767,654480752.429944,928229244.175735
BWA,Botswana,13530748844.505,15082637184.0496,16105155856.7708,17031943186.1353,16725908148.5481,14960291105.9316,18750946600.1423,20321958850.0363,19396084498.0084,,2203273.0,2234776.0,2266747.0,2299141.0,2332083.0,2365894.0,2401441.0,2439892.0,2480244.0,,-4.85133564036167,7.20442475914267,4.1143636634186,4.18809355373698,3.0322025744566,-8.72875252639037,11.9206365085117,5.48602817797183,2.73379817032757,,3.06203169580558,2.81495791361944,3.30828076768219,3.23801558947715,2.77286442863321,1.8903591682421,7.24097765588442,11.665567478802,5.0676154934383,2.81835131676251,18.93,19.329,19.664,19.681,20.094,21.017,23.106,23.615,23.381,23.138,378554181.530079,142522598.297582,260575129.351448,285955061.932015,93607130.0326021,31792610.4142283,-319055857.574533,709624140.359236,665417580.126418,,7546144960.24368,7188821774.82296,7490512373.36878,6656913637.84624,6170221067.31238,4940893802.78156,4801608912.27109,4278950590.03447,4755831848.94263,
CAF,Central African Republic,1695825714.19282,1825018144.65595,2072349972.6818,2220979146.11241,2221301351.43918,2326720900.38047,2516498412.46384,2382618615.01694,2555492085.24831,,4629320.0,4713663.0,4793511.0,4878657.0,4944703.0,5026628.0,5112100.0,5098039.0,5152421.0,,4.33712103020231,4.75031684122342,4.52727821346231,3.78944359275462,3.09999999999999,0.899999996857062,0.982919996264229,0.502110003427035,0.870251450842758,,1.40297017136816,4.94543276106518,4.18072331871267,1.61215686991555,2.68537355266787,1.71015659523153,4.25936417542868,5.58316735183247,2.97913852618937,,5.477,5.491,5.534,5.517,5.607,6.196,6.375,5.956,5.877,5.899,3000000.0,7256090.0,6888750.0,18003540.0,25601160.0,1737360.0,5409980.0,24047720.0,38742450.0,,213800567.288047,239797985.500412,362717270.49893,361797180.317652,350305401.8215,432524260.923722,483872115.778418,374404781.268039,479592712.605639,
CAN,Canada,1556508816217.14,1527994741907.43,1649265644244.09,1725329192783.02,1743725183672.52,1655684730000.19,2007472181464.15,2161483369422.01,2142470914401.36,,35704498.0,36110803.0,36545075.0,37072620.0,37618495.0,38028638.0,38239864.0,38939056.0,40097761.0,,0.649970993709132,1.03855093491798,3.03383490260789,2.74296343112555,1.9084319253883,-5.03823344128351,5.28695689105889,3.81986633913397,1.24892730403391,,1.12524136094277,1.42875954701085,1.59688412852977,2.26822567248103,1.94926902411593,0.716999632307827,3.39519318527528,6.80280115341613,3.87900159788426,2.38158383281173,6.945,7.038,6.426,5.837,5.69,9.657,7.527,5.279,5.415,6.45,59986208237.0735,34201872160.6085,25357801000.497,42603762048.5971,48942300762.2452,29123011879.2998,60189690111.8854,50229920776.0187,42076242120.3715,,79753521149.8993,82718110857.6299,86677706696.7064,83925602808.0082,85297110783.6887,90428136419.3486,106615119570.101,106952377364.743,117550899244.64,
CEB,Central Europe and the Baltics,1297123697168.52,1321226675267.44,1467424389927.92,1657633874968.79,1685123570509.08,1678756939339.66,1926804401016.02,1955925827813.51,2267760561102.28,,103206007.0,102926796.0,102656954.0,102439383.0,102282674.0,102046650.0,100647592.0,100289401.0,100175859.0,,4.00639231580742,2.7841503676963,5.12137697480723,5.04076378771153,4.0059928219052,-3.32906850842643,6.53215013007073,4.06723825067938,0.639830852654953,,-0.464499004644911,-0.054999541670474,2.0759355367385,2.53445424186598,2.66456133425431,1.67244096855756,3.83984491500146,14.6081439492433,9.44284140088564,,7.81595111887481,6.48162116354963,5.2841808780617,4.30568206567801,3.77105548227303,4.35897846633943,4.46317615361708,3.98425299925656,4.01405105340076,3.8680960778316,23462819795.6785,116332256719.116,30937237488.887,-18812850494.8409,153689624903.673,213073307469.99,121855677778.788,81814019005.2974,-1592979096.94688,,,,,,,,,,,
CHE,Switzerland,694118186379.628,687895460902.713,695200833086.499,725568717468.001,721369112726.724,741999406005.627,813408787222.499,818426550206.45,884940402230.409,,8282396.0,8373338.0,8451840.0,8514329.0,8575280.0,8638167.0,8704546.0,8777088.0,8888093.0,,1.64462768699285,2.0686896670996,1.36279955711416,2.86044579461633,1.14198232505277,-2.14173720650054,5.39188804141473,2.56832817834069,0.716066868695833,,-1.14390867228183,-0.434618664285835,0.533787839825897,0.936335464113563,0.362886179940614,-0.725874933313384,0.581814168489856,2.83502798644463,2.13540088016377,1.06234041976595,4.801,4.918,4.797,4.713,4.394,4.817,5.013,4.122,4.043,4.11,118752400108.647,166801396968.929,143235966548.555,-160387834479.04,20367751264.896,-241501226219.29,-123286533982.399,-16057258695.7617,-88899521141.5666,,602402585638.351,678909680869.541,811030675725.885,787021335043.725,854928999231.114,1083404341999.89,1109821661884.41,923627520640.528,863891876435.069,822130485596.394
CHI,Channel Islands,10109968846.9524,9169278192.53124,9170079925.78986,10026153344.8196,10032440928.3488,9439810775.67214,11157002972.5829,11308300346.3725,12507927144.1342,,163454.0,163883.0,164319.0,164949.0,165639.0,166235.0,166741.0,167215.0,167691.0,,0.374367230875421,1.21302461173511,1.80648020062763,1.12224468139542,1.57335515790562,-8.89677952309607,9.93680136363695,5.34196183115412,3.71500566060664,,,,,,,,,,,,8.178,7.715,7.12,6.571,6.408,6.863,6.875,6.147,6.187,6.256,,,,,,,,,,,,,,,,,,,,
CHL,Chile,242450355827.827,249344863933.461,276154259987.103,295857562991.709,278285058719.466,254042159309.311,315515014838.539,302116539409.03,335533331669.219,,18047625.0,18267221.0,18558868.0,18893191.0,19197744.0,19370624.0,19456334.0,19553036.0,19658835.0,,2.15194249853634,1.75303874553305,1.35769537797211,3.99002947521676,0.634367533828438,-6.14347479224092,11.3339570691911,2.05874008095333,0.218780666901552,,4.34877353217044,3.78619355893118,2.18271846868519,2.43488981353057,2.55754475703327,3.04549084804326,4.52456838259144,11.643866711056,7.58168251407962,4.29763891572524,6.313,6.673,7.257,7.623,7.493,10.934,9.281,8.249,9.013,9.056,17766285629.0926,11362832162.4891,5237183518.21249,7942631935.04914,13579090978.7595,11447397288.6176,15176902318.5544,18236599109.4303,21737835925.3814,,38641176606.0315,40493293729.5297,38981539753.7984,39858824174.8114,40655524238.3282,39166118109.4101,51252167799.6881,39102338845.0328,46377347796.8251,44382397504.3695
CHN,China,11061572618578.7,11233313730348.7,12310491333980.9,13894907857880.6,14279968506271.7,14687744162801.0,17820459508852.2,17881782683707.3,17794783039552.0,,1379860000.0,1387790000.0,1396215000.0,1402760000.0,1407745000.0,1411100000.0,1412360000.0,1412175000.0,1410710000.0,,7.04132887873656,6.84876220495761,6.94720079331685,6.7497738324959,5.95050075367413,2.23863835634639,8.44846941687277,2.95066992959268,5.24955786387791,,1.43702380935655,2.00000182191943,1.59313600071436,2.07479039965576,2.89923416358227,2.41942189457782,0.981015135544882,1.97357555739051,0.234836828893051,0.218128938439177,4.65,4.56,4.47,4.31,4.56,5.0,4.55,4.98,4.67,4.571,242489331627.399,174749584584.051,166083755721.649,235365050036.341,187169822364.755,253095616058.58,344074977062.48,190203789092.51,42727679407.24,,3405253363888.14,3097658421378.4,3235681607213.04,3168216331199.08,3222894578036.36,3357240875433.71,3427931394628.85,3306839412813.78,3449544415518.98,3264803869739.12
CIV,Cote d'Ivoire,45815005169.2651,48407761036.8238,52512343996.69,58522477786.6889,60382894697.3557,63027852805.4204,72794636653.7793,70173140101.4315,78875489245.0538,,25246342.0,25989405.0,26733372.0,27464173.0,28193009.0,28915449.0,29639736.0,30395002.0,31165654.0,,7.19494942728191,7.17275963956332,7.41076242592504,4.84314605889178,6.72137167584978,0.699728593494228,7.06332910205232,6.2178509127107,6.199999999987,,1.25149954781477,0.723178457513217,0.685881065304603,0.359409031380677,-1.10686343994188,2.42500656821815,4.09195189692863,5.27616724262846,4.38711707003279,3.46637314660165,2.579,1.896,3.272,2.85,2.401,2.584,2.63,2.306,2.27,2.288,494408755.776341,577871524.156215,975014998.795493,620330654.359791,848881139.442877,712915894.481616,1392435143.38301,1599115748.83327,1752557290.0,,,,,,,,,,,
CMR,Cameroon,32210233020.4569,33814337044.3765,36098547033.1655,39955552189.795,39667757527.6578,40773241177.0505,45011937346.8384,44347206072.5513,49279410982.826,,22763414.0,23454161.0,24128601.0,24806383.0,25506095.0,26210558.0,26915758.0,27632771.0,28372687.0,,5.66695298703932,4.53579423678801,3.54117654926007,3.95551423892049,3.47505998194981,0.259932915907115,3.33885747179505,3.7367840056412,3.24834497823876,,2.676235314199,0.874190383288856,0.64040914988195,1.0688581131292,2.45280214062732,2.43760882182236,2.27185762503637,6.24767713343861,7.38281384280984,,3.518,3.528,3.568,3.601,3.622,3.87,3.973,3.653,3.613,3.518,694336734.87982,663893595.165465,814458940.927625,765092012.778526,1024779237.90889,675186993.65287,963531503.483345,925681548.563252,821546383.239812,,3536255065.98645,2225708778.07818,3196791410.74604,3459329760.96426,3720172167.11585,3961753887.41141,4299788713.29081,5133480338.41129,4882047276.67739,
COD,"Congo, Dem. Rep.",37917706497.1793,37134801555.3322,38019264794.8263,47568210009.8172,51775829877.2088,48716961860.1325,55328482783.5393,65801547619.5815,66383287002.9867,,81035531.0,83956415.0,87083398.0,90047644.0,92947442.0,95989998.0,99148932.0,102396968.0,105789731.0,,6.91616711922561,2.39939891133452,3.7269476588301,5.82112109969025,4.38452887429834,1.73542276681493,6.20015401075946,8.92444762563109,8.56086250904089,,0.74419899478147,2.88585107289988,,,,,,,,,4.439,4.521,4.601,4.618,4.591,5.345,5.28,4.522,4.484,4.556,1165720010.30767,932374669.380907,1047979482.55526,1407563588.42423,1350994226.20535,1498084807.8648,1677673789.73561,1409373841.76263,2375258886.51998,,1215934551.45168,708160749.155332,695398161.997957,665272094.992908,1194373484.64689,747655324.338114,3467115960.59408,4378100481.59101,5104181646.5526,
COG,"Congo, Rep.",12434793867.3568,10931328150.8478,11834473039.3645,14773900288.5135,13976637779.9763,11468687464.0046,14825690210.9157,15817030154.6941,15321055822.5167,,5097581.0,5222536.0,5351011.0,5483118.0,5616661.0,5752791.0,5892183.0,6035104.0,6182885.0,,0.415193061293763,-8.68524343913786,-5.59477371915547,-2.30431780125842,1.12447391976529,-6.26777227963225,1.01507036990908,1.47535613247133,1.90686426346754,,3.16909796750829,3.19056179723773,0.450063823285546,1.15277896375523,2.20607305781525,1.79537147083108,1.7156427545126,3.04344334698478,4.30174563591016,,19.978,20.223,20.611,20.701,20.392,22.198,21.96,20.108,19.898,19.694,4279839199.11278,50608700.3526123,4416953730.0,4315250920.0,-1427679257.05894,-1983178866.50125,-320209517.696022,532256250.0,626473710.0,,2221497219.19564,714352000.79598,379984138.830498,423617388.256644,988316008.036768,1140500574.79268,828560334.612028,835649476.998537,715391052.357981,
COL,Colombia,293492370193.166,282720100286.228,311866875156.879,334198218098.276,323031701192.84,270348342541.465,318524633225.395,345329875078.512,363493841244.303,,46969940.0,47437512.0,48131078.0,49024465.0,49907985.0,50629997.0,51188173.0,51737944.0,52321152.0,,2.95590137527523,2.08738250162794,1.35936086788746,2.56432428277704,3.18685539245533,-7.18591413760859,10.8011981904878,7.2888838865514,0.610409565791542,,4.9898311584953,7.51346024627675,4.31431325695011,3.24056932930569,3.52301932741447,2.52663500084706,3.49505757399448,10.1772313546166,11.7359044948689,6.60908593728228,8.572,8.922,9.086,9.36,10.28,15.983,13.898,10.547,9.594,9.608,11620532645.7092,13857937720.8026,13700880445.1998,11298692773.8486,13989154028.3683,7458624984.21929,9561335276.67571,17182521349.9059,16794082728.5038,,46222893468.525,46173772892.6654,47131104746.7563,47887623364.3511,52652707434.7902,58499477956.7248,58018679406.6873,56703971712.5605,59040690523.7904,61505803384.4902
COM,Comoros,966029600.862227,1012835493.19325,1077439756.59451,1188797449.38584,1195019531.9011,1225039196.61091,1296089479.91978,1242519407.77603,1352380971.24055,,726682.0,741741.0,756669.0,771590.0,786578.0,802163.0,818174.0,834188.0,850387.0,,1.14735076108914,3.32044656240026,3.81576287682401,3.6424511379732,1.76078023923176,-0.195556827149787,2.00016198933761,2.60301031927843,2.99567457175966,,,,,,,,,,,,4.121,4.104,4.03,3.942,3.934,4.471,4.394,3.816,3.776,3.875,4936699.51044481,3569823.72997217,3919473.02500835,5672348.12858,4300803.9663215,3875846.08058854,4024772.1820532,4128667.47538991,5352754.89432874,,200562427.653927,159412124.098012,207879895.509358,199213183.261238,202031707.232998,294339897.88933,329671751.96892,283746116.067475,324560634.116795,322435665.152211
CPV,Cabo Verde,1749857620.35329,1849789992.7426,1996741544.61574,2205099509.15987,2252177133.74705,1821565617.6945,2051842609.64558,2247003347.63376,2533819406.4916,,512394.0,512554.0,512893.0,513415.0,514104.0,514679.0,516649.0,519741.0,522331.0,,0.936026507808833,4.28071482662371,4.5513148102974,3.70696458310842,6.94782634051859,-20.8052758990735,7.03353010694514,15.843675684642,5.47543591649173,,0.131187999024545,-1.40781637091706,0.784415251101334,1.25699566690509,1.10666674296063,0.605795808395385,1.86215297494647,7.93092925430087,3.72437517668748,,11.907,12.077,12.24,12.17,12.128,14.69,13.976,12.246,11.971,11.878,96071472.8368678,126312006.101644,111711633.73814,103550532.589033,122921295.022726,67619883.9199239,91456883.2590196,122015528.984869,158735894.913156,,494495560.716106,572736752.547996,617362329.826463,606003781.270023,737990665.417386,735084797.415375,769650450.739642,729566303.824111,837880565.130438,783105557.825454
CRI,Costa Rica,56441920820.5194,58847019609.6549,60516044656.5206,62420164991.5374,64417670521.3545,62395610760.0492,64960725734.1965,69243626028.5936,86497941439.0174,,4818038.0,4866998.0,4913177.0,4957818.0,4999553.0,5034320.0,5059988.0,5081765.0,5105525.0,,3.65208096802883,4.20432325175899,4.1576989627609,2.6159044043379,2.41751181762513,-4.27335432161462,7.93576224743147,4.55149177958398,5.11192183224598,,0.801982005099623,-0.0174788505908217,1.62590692991732,2.22111461526581,2.09604635327807,0.724911478131376,1.72647755109241,8.27477490232654,0.525193508693455,-0.41345934225229,8.415,8.085,7.729,9.01,10.807,16.432,15.139,11.325,8.325,7.848,2955521680.83967,2620435490.61534,2924906990.98245,3014543618.02812,2719031329.42268,2103003648.9836,3592802258.09677,3673404328.97314,4687479757.85749,,7833931554.67419,7573806767.99203,7149834513.74318,7500924411.18614,8937069411.20634,7231533677.41305,6921168830.74903,8554013584.20952,13225042447.0425,14177018013.5179
CSS,Caribbean small states,35085992997.3327,33933421225.4017,35438120141.0662,36727457619.9835,38046955433.6011,31763210392.7783,37091445807.6818,48740490013.1088,53296161046.3074,,2964524.0,2987438.0,3009507.0,3048465.0,3079149.0,3092577.0,3111609.0,3131505.0,3152394.0,,0.213765479638028,0.394020894489856,1.8631559735156,2.77898892700917,1.05508790172509,-9.60231620640842,10.4429558184008,23.06760379909,12.5576346497814,,-0.861584009427748,0.141816225732312,1.51820700736147,1.24500040905268,1.17221285357721,-0.294805105674599,2.23684975359863,6.19597434778739,4.22769324983409,,11.5050757703248,11.4492534254819,10.8687666228548,11.0509700263011,10.630708311815,12.9309999858592,12.1918110382587,10.4686964684357,9.68042872002248,8.88909855015244,1824936805.36268,1872966794.86951,1366805690.61199,2809952698.61607,4178369542.15856,2484719944.18019,3599231737.83372,-1463762983.261,199128070.9441,,,,,,,,,,,
CUB,Cuba,87132800000.0,91370407863.7,96850649691.7406,100050036096.123,103427600000.0,107351800000.0,,,,,11275065.0,11265612.0,11247829.0,11227118.0,11202846.0,11176354.0,11122168.0,11059820.0,11019931.0,,4.4383335888395,0.512843095700745,1.80979177212284,2.24794854086232,-0.163087223606624,-10.9490846048862,1.25369342501311,1.77485399483382,-1.92899211214875,,,,,,,,,,,,2.4,2.0,1.7,1.7,1.705,2.24,2.116,1.82,1.719,1.53,,,,,,,,,,,,,,,,,,,,
CUW,Curacao,3058779217.87709,3024690167.59777,3033433240.22346,3046364804.46927,3026124134.07821,2534327597.76536,2739608156.42458,3075180834.72417,3281419347.37053,,157980.0,159664.0,160175.0,159336.0,157441.0,154947.0,152369.0,149996.0,147862.0,,0.458151544160046,-1.06770848655277,-1.2762081008495,-2.10411133101029,-3.20613219619177,-18.4384703505393,4.18371193053579,6.90599999999999,4.20199999999977,,-0.476542049801405,-0.0472079848940293,1.58558801700345,2.58368756641814,2.62220783425059,,,,,,,,,,,,,,,,146435754.189944,133083798.882682,172681564.24581,126924996.849162,203230453.620112,155743256.268156,170912620.061453,175616794.949721,136602563.648045,,,,,,,,,,,
CYM,Cayman Islands,4708167232.66893,4909322237.28895,5166281305.12522,5530178440.71376,5941896607.58643,5655358021.43209,6060026520.10608,6600843963.37585,7139428557.71423,,61642.0,63100.0,64535.0,65941.0,67327.0,68684.0,70108.0,71591.0,73038.0,,2.8331222262961,3.23997433895669,3.18404592334522,4.26726745249641,3.91563534249416,-4.95480640759244,4.90492941270442,5.15632954248333,4.35967595700366,,-2.34752770165615,-0.62525835861814,,,,,,,,,,,,,,,,,,,80501525460.0,2684234739.26842,2506466933.66629,173644548.798714,1080420248.60699,6875780107.98604,-807807825.131414,-2919604162.79418,28134155040.0,,,,,162073506.0,183500000.0,216800000.0,228300000.0,225400000.0,234000000.0,
CYP,Cyprus,19909278416.8575,21046462280.5979,22946570628.7576,25754001367.5448,26196667099.5303,25555093854.2968,30372874319.6285,30976176886.8521,33886930712.3394,,1219502.0,1237112.0,1254275.0,1270737.0,1286671.0,1302247.0,1317309.0,1331370.0,1344976.0,,3.41892299033393,6.57359100513114,5.75083246014417,6.27166730438427,5.87559123003267,-3.22063433575047,11.3877633552,7.36562252428676,2.61190090914745,,-2.0969976905311,-1.42916666666665,0.531766496174467,1.43549119531759,0.250370996758493,-0.638422797978959,2.44608867175474,8.39548297993334,3.54134188751663,1.80023018624815,15.026,13.006,11.155,8.504,7.155,7.755,7.513,6.806,6.098,5.602,27319647777.1521,3331071355.68027,42234145947.887,79087120911.1899,113114188086.775,-75646450885.0055,4570550233.20885,16366465401.5531,-3562882563.15674,,807868870.831618,812488586.049062,887692448.704109,924201541.467494,1033463563.89138,1237326347.35603,1611044560.40988,1670555054.09173,1789231286.1808,921268672.47629
CZE,Czechia,189107698561.919,198160659303.939,221563575696.217,251992360762.236,256794209028.77,251109660602.536,290972714482.313,301831228325.556,343207874553.734,,10546059.0,10566332.0,10594438.0,10629928.0,10671870.0,10697858.0,10505772.0,10672118.0,10864042.0,,4.95875849031782,2.58087014675783,5.17356528805017,2.83030589412112,3.56577657204843,-5.30487954551279,4.02901830633854,2.84717065717149,-0.085330275927376,,0.309364548494975,0.683504209385703,2.4505339846014,2.14949494949493,2.8478759591805,3.16129528497801,3.83984491500146,15.1001651468371,10.6612601372426,2.43531202435314,5.048,3.952,2.893,2.246,2.015,2.55,2.803,2.224,2.579,2.506,1699914616.60242,10850612308.2062,11234740946.0941,8324668391.46793,10752120870.768,8515481807.56744,12890950336.4655,9143600294.9133,8225354599.29861,,64490290734.1553,85725304288.2449,147976372277.252,142511752519.564,149855634729.53,166125554207.071,173617578519.974,139981275466.87,148378918433.596,141988317940.471
DEU,Germany,3423568450957.03,3537784107980.55,3763092263752.95,4052008447223.53,3957208055215.68,3940142541354.1,4348297440387.53,4163596357879.39,4525703903627.53,,81686611.0,82348669.0,82657002.0,82905782.0,83092962.0,83160871.0,83196078.0,83797985.0,83280000.0,,1.65271977174628,2.29471067684281,2.71602451931592,1.11644310926225,0.987893349167578,-4.09513749064689,3.66999986156735,1.36973105536585,-0.266438410090913,,0.514426137125456,0.491747008445174,1.50949485109628,1.73216879766942,1.44565976888253,0.144877925813982,3.06666666666673,6.87257438551097,5.94643667725823,2.2564981433876,4.612,4.104,3.781,3.384,3.163,3.881,3.594,3.12,3.068,3.406,62418993509.249,58132711370.7803,108786501529.106,162250938125.842,75463438450.8917,176781024357.228,102148693815.945,62728998895.9956,19515498091.7767,,173730930555.425,184031339953.397,199983070123.869,198027061675.403,224027961016.415,268408603348.679,295736219413.597,293913690186.797,322700066274.527,96792003856.2425
DJI,Djibouti,2424391785.43897,2604955228.70117,2762581334.22612,2913466732.12507,3088853638.56832,3185150981.03207,3385825228.86997,3674298479.07676,4098530513.55777,,1020313.0,1037653.0,1054841.0,1071882.0,1088709.0,1105188.0,1121248.0,1137096.0,1152944.0,,7.52610891881017,7.1234323372872,5.458091517212,4.7744168883374,5.5451305999467,1.31636324158441,4.52234774643705,3.72857647005031,6.67664964361434,,-0.847389733971996,2.73841208738755,0.568112117084804,0.14797084987711,3.31925372703827,1.7774078380617,1.18191775339802,5.17980847967061,1.49506816515088,,26.07,25.992,26.064,26.184,26.256,27.713,27.668,26.307,26.154,25.875,143832186.404533,159997974.353059,164929861.974668,170000000.0,174999015.310515,158230011.0,166750130.823032,187022847.623808,137009451.0,,364857284.064063,407414266.733581,556097628.852465,454193909.718601,501857934.384136,686339280.94212,588417559.788355,589437241.827389,502033555.759362,348725427.269846
DMA,Dominica,540737037.037037,576229629.62963,521551851.851852,554770370.37037,611537037.037037,504214814.814815,555266666.666667,607159259.259259,653992592.592593,,70410.0,69606.0,68496.0,68174.0,67880.0,67573.0,67202.0,66826.0,66510.0,,-2.73150306271826,2.76364798170461,-6.61899463280534,3.54758441831531,5.5024834367041,-16.6041095231221,6.8905494167316,5.58354626264079,4.71223818531963,,-0.84382698463833,0.141816225732312,0.296252889279487,0.98919111918989,1.50462353858141,-0.727116412668203,1.4831944499819,7.7806152516404,4.22769324983409,,,,,,,,,,,,7160376.50888889,42264926.1072222,22677207.693769,78283172.0287841,63039788.5185185,22837135.9259259,28338715.1851852,16922305.5555556,47612624.4444444,,126225919.300594,221907763.515911,212292574.606832,191323608.30539,155172395.260191,165824163.308941,190843317.142588,204343039.949668,183530007.089389,155971242.017245
DNK,Denmark,301758922337.637,312181849372.233,331610593961.988,355293374912.393,345401473012.615,355631021931.621,408378204639.999,401945576107.963,407091920305.404,,5683483.0,5728010.0,5764980.0,5793636.0,5814422.0,5831404.0,5856733.0,5903037.0,5946952.0,,2.10441458712587,3.07304547479855,3.05647724393516,1.86000748885226,1.7114009439059,-1.7801059882175,7.38206628977555,1.54017310709567,2.49518433148894,,0.452034153691575,0.250000000000031,1.14713216957602,0.813609467455631,0.75813157251162,0.420711974110115,1.8530454398968,7.6965669988926,3.30517811237606,1.37220049768918,6.278,5.989,5.833,5.131,5.018,5.637,5.043,4.434,5.094,5.587,1842994663.46023,7804020827.15213,3607276299.51791,8764023726.34583,-3801733788.9774,1294050740.46455,16997286703.2256,30820919526.0381,4576876842.84454,,65185093406.2789,64215805619.9462,75244445865.8039,70942078373.7473,66835547933.6664,72823350926.5649,82235844735.9223,96072552269.3927,109370841823.918,103239080042.717
DOM,Dominican Republic,71164826836.5281,75704647877.6559,79998046305.79,85555390139.118,88941372558.2397,78844656298.1776,94243425938.3647,113537368176.13,121444279313.931,,10434829.0,10551430.0,10666843.0,10782053.0,10894043.0,11008300.0,11123476.0,11230734.0,11331265.0,,6.9270187716221,6.65920026269582,4.66670467732366,6.98252758458058,5.05216802016253,-6.72023937283404,12.2719902347896,4.85832403582451,2.36061568723294,,0.836746346724557,1.61416607245223,3.27955694678546,3.56443426013508,1.81060377042959,3.78103179915517,8.24300347981809,8.81109209279587,4.78561281021135,3.30223338951227,7.605,7.284,5.832,5.861,6.356,6.126,7.702,5.504,5.555,5.473,2227300000.0,2516100000.0,3597900000.0,2744500000.0,2829200000.0,2460600000.0,3349700000.0,4050000000.0,4750500000.0,,5266043354.25313,6134227406.75062,6872905749.30285,7717561574.1843,8870942286.35982,10844812012.4981,13124643488.9252,14522975012.3239,15546714438.2444,13423522736.8169
DZA,Algeria,187493855609.345,180763839522.151,189880896903.073,194554483655.528,193459662090.677,164873415325.201,186231205262.082,225638456572.143,247626161016.414,,40019529.0,40850721.0,41689299.0,42505035.0,43294546.0,44042091.0,44761099.0,45477389.0,46164219.0,,3.20000000000009,3.89999999999995,1.50000000000003,1.40000000000002,0.899999999999949,-4.99999999999997,3.79999999999995,3.59999999999998,4.10000000000004,,4.78444700693889,6.39769480268757,5.59111590961664,4.26999020467084,1.95176821052892,2.41513094083414,7.22606307415477,9.26551551551553,9.32217375928322,4.04611455313434,11.206,10.202,12.0,12.137,12.259,14.057,13.63,12.346,11.701,11.427,-537792920.921857,1638263953.77737,1230243450.87889,1466116068.03411,1381200049.59264,1143918159.62919,869194073.014936,932987842.004666,1216010863.9252,,150595236894.628,120788088861.403,104852543743.412,87382910154.0942,71795950714.9485,59434389109.5108,56211005199.3665,71852290093.8578,81216738411.6242,68448330429.3211
EAP,East Asia & Pacific (excluding high income),13329363887708.5,13621109083386.3,14888272499556.8,16648930593614.8,17222812070662.6,17496305186280.5,20849863760041.9,21124945071215.4,21162836277192.4,,2056050896.0,2071486140.0,2087238522.0,2100698838.0,2112289891.0,2121866294.0,2128553744.0,2133560408.0,2137527754.0,,6.70766215913395,6.56660651997451,6.70981883545649,6.52793763462202,5.78428146542474,1.24367793672859,7.60232029175252,3.38620985440659,5.10744885870969,,1.22393195511119,1.91731090233378,2.91263557371478,3.1983464156241,1.94257500833107,2.40629214387011,2.69891859529198,5.46343652028003,5.88585897042164,,4.11636992397966,4.03404292652506,3.91171481452964,3.8023437834359,3.89330553057754,4.36073968094378,4.12248591657027,4.22329838547477,3.97239658895814,3.88533986264755,305948434262.484,220117728865.987,239680559407.838,311000387127.277,260742406967.687,302580143045.435,437399896217.747,278196401648.242,116055988208.459,,,,,,,,,,,
EAR,Early-demographic dividend,10246602222996.3,10547190614053.0,11448641742933.2,11610507701898.7,11834959859719.9,11006437195990.5,12811302058068.8,14147623772391.9,14945896099125.4,,3190318707.0,3233033717.0,3274060446.0,3314245247.0,3355014793.0,3396051187.0,3432026092.0,3470644834.0,3511076811.0,,4.40566712703041,4.41930591804078,4.64129983314375,3.84249576643028,2.3574434077089,-4.17609545858684,7.40884629376737,5.52073569774927,4.31311202139636,,3.12900274473925,3.52317317628473,3.60247741348943,3.95721831216162,2.75980873474443,2.95192253170018,4.03843012730298,7.11924444078175,5.88289680163219,,6.8212583318297,6.75915198816922,6.74512514660323,6.79972998966452,6.33471130423578,7.41080978209993,6.78633395860379,5.71415089065227,5.2602661302477,5.29942912098638,212970746468.772,212848757611.426,212582829964.387,230994710175.152,209801582638.74,196004682757.014,277361297765.34,277192437859.899,228556864752.868,,,,,,,,,,,
EAS,East Asia & Pacific,22000917165875.9,22781793863032.0,24334957894980.2,26494505143186.8,27040135154758.5,27163485040463.8,31155716955057.3,30673443320595.9,30780176881541.3,,2300844269.0,2317076058.0,2333475520.0,2347576325.0,2359771090.0,2369438682.0,2375144416.0,2379648296.0,2384463611.0,,4.7285010506958,4.65956958320778,5.05270855932561,4.75999373070704,3.96191480738861,-0.13403867993101,6.22039997523022,2.86876226114843,4.10414562460986,,0.795279630579839,1.27699094497324,1.8003422246862,2.368549058067,1.70397863236265,0.846905537459305,2.47710241465447,5.40874375479067,4.24579935926737,,4.08251292816983,3.99580515839642,3.86565024174878,3.74497476910225,3.81472100039499,4.28970049892231,4.05434245252657,4.08953119146495,3.85771244035512,3.7829268239278,617259465100.015,529113456019.713,561064079751.014,600482425080.017,532073138471.448,595228316886.577,817054249523.788,715067978831.795,493134289192.565,,,,,,,,,,,
ECA,Europe & Central Asia (excluding high income),1509288407449.5,1448928141199.81,1494523919239.57,1468176944855.79,1498314054530.37,1437142037120.74,1670340541088.59,1817978495944.86,2129704371516.14,,240230296.5,242407763.5,244530211.5,246654915.5,248858341.0,250655325.5,252183790.0,250834021.5,249146208.0,,3.57105824569648,2.77596972156557,5.82497173485024,3.49995811889725,2.30711978142881,0.291994242241628,9.04484834763406,3.10365161126778,5.04254617779993,,4.02768573742726,2.13492713939121,4.60357355778866,2.56572880132719,2.64328192719554,2.74615078213777,6.91756771076075,13.8875841659221,9.07365149809048,,9.01450551916038,9.09229787087035,8.99139932461298,8.66101950653445,9.16433393973069,9.31621048521721,9.01039307351182,7.81560463809743,7.33376867158914,6.91057128596901,44225910958.3385,52513989944.0154,35721733570.2691,32415711361.8656,35787179775.3079,26685291705.88,39317591390.3298,33163246974.4513,40063902541.1416,,,,,,,,,,,
ECS,Europe & Central Asia,20583236057318.3,20511321020005.8,21765864936203.9,23306311175509.3,23031892537932.9,22286624242751.4,25523993209132.2,25662572829777.2,27554069781140.1,,908458970.5,912576858.5,916236104.5,919738352.5,922811778.0,925088545.5,925075848.0,925385334.5,924969865.0,,2.09839607424989,1.88009204756328,2.87445949040139,2.12166181771438,1.85591000081533,-5.41036796360697,6.74423282474035,3.24542492239996,1.01614432883042,,0.36804684232536,0.356684500891695,1.91558846458258,2.01321972250337,1.76373586528842,1.19998396936028,3.19017771027093,10.7805806758686,7.44687717385838,,8.57212387627213,8.0933160962511,7.49984064761938,6.89825188854958,6.64330196939745,7.10924397392522,6.90965916550803,5.85828628199525,5.58873341804014,5.36822095780443,1150471289548.98,1342166333559.2,918133171029.831,-177923218126.171,674446671934.189,108244279600.375,552095504518.32,202043090379.833,-501805697726.516,,,,,,,,,,,
ECU,Ecuador,97209558000.0,97671433000.0,104467486000.0,107478962000.0,107595829000.0,95865472000.0,107435101000.0,116586079000.0,118844826000.0,,16266225.0,16505139.0,16759519.0,17049547.0,17340021.0,17546065.0,17682454.0,17823897.0,17980083.0,,0.119692109287612,-0.687954245877947,5.97039880954841,1.044295546927,0.165403532646692,-9.24509637743429,9.818417748417,6.18613907258741,2.35521790742197,,3.96664623255358,1.72826463324533,0.417335588666825,-0.224103246005552,0.266012515466155,-0.338872392562139,0.133251386096389,3.46616972213077,2.21568764237058,1.54732515615369,3.616,4.597,3.836,3.53,3.812,6.127,4.552,3.761,3.51,4.773,1322701337.30748,764125868.122239,630816412.259199,1388991763.14022,979631496.243026,1105899900.76401,648710150.926888,882121803.529517,409452348.523188,,2487276599.56405,4215553160.05677,2169697856.6482,2158694032.4143,2939049266.08469,7136589071.47075,7912190379.51528,8459270681.86545,4441563798.69096,4703151586.07567
EGY,"Egypt, Arab Rep.",329366576819.407,332441717791.411,248362771739.13,262588632526.73,318678815489.749,383817841547.099,424671765455.704,476747720364.742,396002496996.96,,99597342.0,101644589.0,103696057.0,105682094.0,107553158.0,109315124.0,110957008.0,112618250.0,114535772.0,,4.37201907790141,4.34664345555447,4.18122099994778,5.3311086189448,5.55209307156956,3.55016483786838,3.29064601202211,6.58784560886967,3.75870055176806,,10.370490343517,13.813606214829,29.5066083940039,14.4014657807422,9.15279959324804,5.04493288977539,5.21404940513043,13.8956609775178,33.8847763115546,,13.052,12.45,11.767,9.855,7.851,7.974,7.441,7.344,7.334,7.198,6925200000.0,8106800000.0,7408700000.0,8141300000.0,9010100000.0,5851800000.0,5122300000.0,11399900000.0,9840600000.0,,15858887325.7756,23642691705.9678,36400242555.8255,41839242990.7097,44568837112.0669,38972812936.6708,39824388217.3615,32143926008.4607,33070180836.1374,34277830660.4659
EMU,Euro area,11828599572765.4,12124585812206.7,12839881576234.5,13867949267318.1,13587020300289.4,13266857904728.0,14917737268178.2,14452048668851.0,15780686672317.3,,343698622.0,344655545.0,345333240.0,346105839.0,346454019.0,346922366.0,347094588.0,348627172.0,349670802.0,,2.14103195958695,1.82246855893153,2.59749494753623,1.7684858432597,1.62839465246267,-6.04867335432057,6.36115556471701,3.5460434690594,0.40141849759172,,-0.0852072296963749,0.166009884375616,1.37503641525339,1.6892396580413,1.44123966942341,0.186938139702131,2.4865043812082,8.47117645590892,5.78431554960862,,10.8852194826771,10.0364611752646,9.07353382127944,8.16092484825284,7.52006174791197,7.83001752658849,7.72209813329502,6.74901273938354,6.5646094180748,6.41045223631567,819917077359.515,597960854638.916,542517566600.802,152081809732.534,433437515743.889,-30686011572.6743,484315998012.833,38282820207.8664,-347314433542.532,,701552553007.993,741790800990.739,802685567836.537,822526232328.578,914226843967.921,1077848983437.96,1196161663459.27,1184841571677.44,1266772714159.61,545134388932.313
ERI,Eritrea,,,,,,,,,,,3105546.0,3124698.0,3150347.0,3192760.0,3240194.0,3291271.0,3350183.0,3409447.0,3470390.0,,,,,,,,,,,,,,,,,,,,,,5.541,5.554,5.577,5.511,5.552,6.088,6.177,5.695,5.586,5.553,49323000.0,52305000.0,55468000.0,61015000.0,-60671910.0,-30349590.0,-31228190.0,-32045670.0,2070380.0,,145070693.229695,145371150.939987,143412422.685212,163033689.39269,191694416.403147,,,,,
ESP,Spain,1206164777553.12,1243015667917.12,1321754088818.83,1431642809327.06,1403496387686.27,1289783836971.21,1461244901852.69,1446498147749.03,1620090734956.89,,46444832.0,46484062.0,46593236.0,46797754.0,47134837.0,47365655.0,47415794.0,47759127.0,48347910.0,,4.06086669718569,2.91515602808174,2.8960420808163,2.39541120364247,1.9611785315135,-10.9400706591866,6.6831441850028,6.17931222572963,2.67566349258229,,-0.500365709903242,-0.202598000426452,1.95607633363963,1.6749813686379,0.699518994458739,-0.322753017299739,3.0931351197642,8.39057634118627,3.53236133492433,2.77417826534772,22.057,19.635,17.224,15.255,14.104,15.532,14.781,12.917,12.179,11.394,23777330434.0906,44962670965.5697,33577736758.6065,63958429156.7585,30322872791.4496,37683095972.4206,64626902393.5776,65488854829.248,42953066297.9842,,53973842235.8777,63039926528.9472,69400198866.0331,70633189427.7056,74731427284.14,81287702460.7527,92201269194.64,92905070059.7299,103088770527.743,84153911868.875
EST,Estonia,23311847750.9394,24561027787.7896,27469461919.1189,31222632740.7247,31873748770.0313,31820771493.8974,37204563051.4723,38376046174.971,41291245222.1948,,1315407.0,1315790.0,1317384.0,1321977.0,1326898.0,1329522.0,1330932.0,1348840.0,1370286.0,,1.83815704837467,3.09301583441155,5.63467432229395,3.69969444001093,3.72665318178397,-2.88381004140328,7.15444748334397,0.0604278323325786,-3.02303584066192,,-0.49232600654737,0.148684907627373,3.41723549488054,3.43632688420446,2.27725931243522,-0.44453109767983,4.65316673847473,19.3982634080616,9.15922507983982,3.52056053296586,6.412,6.882,5.807,5.412,4.514,6.956,6.178,5.571,6.378,7.828,-715465129.889722,925762256.709316,1735775304.25103,1273932848.01576,3113489502.24595,3823194189.12658,7554905496.43776,1877817161.42292,5350805151.56147,,414798362.438981,352140743.414626,345036507.941262,755005588.304243,1426439025.48627,1996892748.8784,2371477144.82894,2216592399.41163,2593038273.75936,2053834340.31103
ETH,Ethiopia,64589328550.5953,74296745207.8721,81770886825.6048,84269196625.8784,95912607722.3032,107657734392.446,111261882958.426,126772703047.701,163697927593.982,,103867135.0,106718162.0,109666481.0,112664152.0,115737383.0,118917671.0,122138588.0,125384287.0,128691692.0,,10.3924630202334,9.43348265784402,9.56418964295607,6.81614779681703,8.3640856990789,6.05953088643369,5.64153071734657,5.32117628383672,6.49813464238613,,9.56889955968623,6.62813337230924,10.6871150284238,13.8330356586661,15.8096321719344,20.3563468559061,26.8395221557722,33.8898797100898,30.2188278135278,,2.443,2.554,2.662,2.802,2.917,3.994,3.935,3.409,3.402,3.398,2626517918.313,4142937496.46329,4017159564.65434,3360419368.65295,2548743427.35754,2395799880.65984,4259445795.28263,3669991332.17486,3262966283.51939,,3835287576.46954,3030943950.63996,3045571314.79781,3987464165.90059,2992704274.84051,3046114358.80765,1644005887.02273,1191712941.06266,2028214254.61106,3784387425.19121
EUU,European Union,13655089869785.3,13990270946691.6,14870065692850.4,16091487781135.5,15808398315797.0,15504700009593.0,17496551469916.3,16995332000257.8,18590720056635.3,,444550397.0,445487171.0,446177810.0,446953938.0,447303223.0,447653554.0,446564156.0,447847220.0,448804042.0,,2.37090122777145,1.94393883094708,2.79546583424749,2.04997185930722,1.87572158216223,-5.5769210845598,6.35777133410902,3.49770328667265,0.427838269445104,,-0.0616446800641672,0.18333486112386,1.42910743319306,1.7386086198818,1.63052260754344,0.476498852725066,2.55450699642041,8.83369886749452,6.29942487419125,,10.0201862137305,9.10968305462766,8.1361540581006,7.25621058383303,6.68649109760781,7.04821860006322,7.01183843029148,6.14302856971608,6.02944529696582,5.91623201139336,850126946081.55,727339882449.95,589818232199.613,132869416184.671,583134288230.833,192039746123.776,657289363060.817,188421418941.344,-341646931107.687,,,,,,,,,,,
FCS,Fragile and conflict affected situations,1616325901440.2,1489694054525.15,1588837232239.02,1734689832167.02,1842632114099.19,1675406927630.4,1786326958459.63,1964841634349.73,1937937125126.32,,892657785.0,912614026.0,933013886.0,953648681.0,974824119.0,996691242.0,1018693078.0,1038158122.0,1058789534.0,,0.820425464094683,2.16692168698098,2.56393744190152,2.71534678746868,2.29365950094255,-5.0605234152318,2.47690857607017,1.09873916341439,1.81242145006533,,2.676235314199,3.19056179723773,4.18072331871267,2.96760366004456,2.45280214062732,2.8981937602627,4.25936417542868,9.39383877456591,5.88585897042164,,5.47064138133532,5.61701548557091,5.83065194153996,5.82973963441827,5.87910736649221,6.65180755643263,6.77761944075494,5.60917621194441,5.20087833966654,5.02124845086415,22071257736.73,20989977394.5511,24535964643.8544,22641826568.1883,18376165184.2158,13389258987.0278,28608523823.6233,17684657345.6755,18970363108.298,,,,,,,,,,,
FIN,Finland,233210733506.25,238777818792.608,253846138440.0,273869255596.078,267014821129.411,270000311606.226,294223210496.119,280241515774.32,295532341254.907,,5479531.0,5495303.0,5508214.0,5515525.0,5521606.0,5529543.0,5541017.0,5556106.0,5583911.0,,0.46650351789539,2.57193423155972,3.30337016113322,1.19297772988504,1.34973843826123,-2.49103620977239,2.73471348589543,1.4500480727209,-1.16396281522198,,-0.207928839905268,0.356684500891695,0.754015047084346,1.08382098409305,1.02409392963431,0.290554555653239,2.19457432340007,7.12350773301402,6.25064322154763,1.56568906231616,9.376,8.818,8.64,7.361,6.695,7.759,7.617,6.719,7.151,8.26,17579437753.2438,5228087258.97727,16909619226.7668,-10529085853.8372,16280099519.3449,-2535610877.45159,23579233204.9063,13079164235.1596,-341091562.354509,,10016275637.3125,10465361380.0017,10506846391.9314,10309164187.4718,11426621292.5879,13479975777.3892,16744106303.3566,16036363939.0545,16928837296.6915,14321732953.4528
FJI,Fiji,4682479912.05203,4930213634.35692,5353469171.0611,5581425324.91185,5444407214.31758,4432466237.09588,4305031630.81808,4969503560.7735,5442046565.04719,,918578.0,919166.0,918759.0,917180.0,914899.0,914963.0,916711.0,919422.0,924145.0,,4.50119938335874,2.44565200769968,5.35336493706966,3.81235097047221,-0.581946371012094,-17.0386675274098,-4.88103605578388,19.7927266933385,7.52429088237292,,1.37488542621438,3.86322538221269,3.3475783475784,4.08147637644526,1.77310182460282,-2.5952432588738,0.155855722131516,4.52019266394958,2.14817440623896,,4.291,4.319,4.324,4.335,4.373,4.649,4.701,4.446,4.322,4.307,205373209.116505,391619655.400882,387602565.305446,468861002.876235,322282826.115833,239380737.903611,409894560.465739,103581591.564163,91017170.0,,918959350.368621,908823039.760341,1116363704.4475,947653331.857671,1043304264.01736,1081812964.94674,1517816546.24939,1556777405.71406,1548302837.62548,1596997610.18293
FRA,France,2442483452642.5,2470407619777.13,2588868323334.71,2781576320884.39,2722793515171.76,2647926055110.05,2966433692008.09,2796302210398.84,3051831611384.76,,66548272.0,66724104.0,66918020.0,67158348.0,67382061.0,67601110.0,67842811.0,68065015.0,68287487.0,,1.06675473488909,0.860031082016107,2.08361485062076,1.64590872932709,2.02744647639635,-7.44064593044142,6.88233786590355,2.57084047443969,0.936487502671483,,0.0375143805125182,0.18333486112386,1.03228275064662,1.85081508315502,1.10825492288294,0.476498852725066,1.64233141038385,5.22236748369735,4.87835726508441,1.99904942291463,10.354,10.057,9.409,9.018,8.415,8.009,7.874,7.308,7.335,7.37,43133325471.3567,35623357280.0881,43733253503.8812,77493098693.2378,53499337503.7413,19368829836.4654,98012545019.1631,109574904464.643,8803377981.64788,,138198984338.294,145866068770.183,156322431109.247,166483400196.79,189006435295.488,224236417867.711,244280333397.895,242415618842.022,240792007784.254,78428799613.8249
FRO,Faroe Islands,2573905971.05459,2813278868.78208,2980057377.87967,3188600927.46688,3266432734.22819,3271813311.5831,3664686796.62669,3566698397.6602,3907323961.33964,,48901.0,49464.0,50182.0,50998.0,51795.0,52571.0,53315.0,53952.0,54482.0,,0.958001934486234,1.38644795938293,3.51201367488443,2.76370952267429,4.53851028676189,-1.63732118017028,5.50438017256558,3.55602380418398,2.4890581166362,,,,,,,,,,,,,,,,,,,,,,,,,,,,,,,,,,,,,,,,,
FSM,"Micronesia, Fed. Sts.",316489900.0,325000000.0,359000000.0,392000000.0,394000000.0,372000000.0,390000000.0,430000000.0,460000000.0,,108716.0,109075.0,109481.0,109909.0,110282.0,110916.0,111624.0,112114.0,112630.0,,4.62188400404939,0.484101802387045,0.823045267489704,0.0,4.08163265306123,-1.9607843137255,2.8,-0.778210116731515,0.784313725490193,,-0.2981158373807,-1.03746806405349,0.58225373525489,1.49840023593737,1.92385170787923,0.554594630853174,3.19128406597466,5.40874375479067,,,,,,,,,,,,,,,,,,,,,,,135114898.29569,156984836.357184,203718873.504125,203528219.216567,397158244.634291,451912609.039125,497434120.418255,,,
GAB,Gabon,14383107762.6952,14023890265.3665,14929487485.1623,16867326401.9626,16874405465.391,15342236163.9864,19444935097.2395,20440655695.1804,19388402541.6698,,2040989.0,2100306.0,2156900.0,2212318.0,2267706.0,2322539.0,2376722.0,2430747.0,2484789.0,,3.8788993950789,2.09144220829562,0.472642030911146,0.83791658082157,3.92080879452831,-1.8377610635094,1.46795731508091,3.03761449502689,2.44588083119469,,-0.338795188753406,2.10670712784054,2.65192583143902,4.74906652083221,2.46456756151187,1.35276110675333,1.0869074651941,4.23124798274579,3.62901534185376,1.17311998381218,19.978,20.134,20.303,20.439,20.358,21.27,21.218,20.399,20.278,20.061,41707702.3264655,1243660160.0,1314029330.0,1379070820.0,1553136880.0,1716511510.0,1529221080.0,1104592040.0,1150733280.0,,1863120980.87031,789346604.519222,965054219.212037,1321051088.57443,1371973832.67956,1386494674.6587,1304391855.46928,1415483890.94363,1447408422.70298,
GBR,United Kingdom,2927911140916.73,2689106566899.61,2680148052335.3,2871340347581.79,2851407164907.81,2696778386607.65,3143323050707.26,3114042471144.39,3380854520809.54,,65116219.0,65611593.0,66058859.0,66460344.0,66836327.0,67081234.0,67026292.0,67791000.0,68350000.0,,2.22288844908437,1.92171007763831,2.65650489309972,1.40519026609273,1.62447515947532,-10.2969188737567,8.5759509048565,4.83908514714403,0.339966158003463,,0.36804684232536,1.0084173681141,2.55775577557747,2.29283990345938,1.73810460086513,0.989486703772491,2.51837109614213,7.92204883147902,6.79396706793963,3.2715729463592,5.517,4.867,4.452,4.12,3.613,4.472,4.826,3.73,3.984,4.111,45333483122.0899,324813224213.021,125358809934.121,-25055440306.9073,19790761929.1276,157185559299.99,5055966700.84887,44897919400.6377,-89474261725.1577,,148109299505.898,134931850848.279,150857673778.943,172657749536.315,173569199262.767,180054101389.553,194181397315.03,176409966646.608,177915356242.234,148569354566.836
GEO,Georgia,15223796148.8396,15444548901.9637,16473125375.0684,17902544880.6471,17638337116.9126,16010869215.68,18853115588.8106,24984568959.605,30777833585.4441,,3725276.0,3727505.0,3728004.0,3726549.0,3720161.0,3722716.0,3708610.0,3712502.0,3715483.0,,3.35102350265353,3.45021517996871,5.15990261658827,6.062036412677,5.38071926589951,-6.2904717853839,10.6442336580969,10.9585321385624,7.8322012152783,,4.00357820695097,2.13492713939121,6.03531725272117,2.6152447139767,4.85289821696723,5.2024648897534,9.56691433824769,11.8981654203198,2.48776056578715,1.10971758022096,16.506,16.604,13.939,12.667,11.565,11.73,11.791,11.647,11.537,11.48,1735307118.63,1659824033.37,1930381394.76,1304024907.7,1397879177.29,544109653.92,1271256433.53,2286908991.66,2085707951.1,,2520721328.46961,2756383662.9152,3038762324.25157,3289463516.7195,3505823162.30974,3913274194.81288,4270945063.01792,4886343005.58234,5002255638.46392,3848485591.62079
GHA,Ghana,49406010054.2663,56164929304.8754,60405924078.7278,67298914624.3723,68337969247.7067,70043099675.68,79524421861.2743,74263364041.8742,76370396722.154,,28696068.0,29356742.0,30008354.0,30637585.0,31258945.0,31887809.0,32518665.0,33149152.0,33787914.0,,2.12075933817334,3.37346574966936,8.12889488100956,6.20007768127284,6.5077747939152,0.513941670628171,5.07646643533542,3.81750462109567,2.94478583082221,,17.1499695007878,17.4546347070868,12.3719215507048,7.80876516610703,7.14364003330857,9.88728956269944,9.9710886750444,31.2558951049016,38.1069656296501,22.8483281157842,6.806,5.232,3.369,3.253,3.16,3.313,3.384,3.084,3.063,3.007,3192320530.7897,3485333369.27964,3254990000.0,2989035000.0,3879831469.7,1875782953.46906,2533586462.03873,1428411737.133,1319315614.67989,,5742645886.29529,5866729596.16504,7015187159.64987,6294851564.02725,7563210340.92838,7884091538.70727,9916916899.67781,5205457212.278,3623904994.58702,
GIB,Gibraltar,,,,,,,,,,,33193.0,33658.0,34245.0,34854.0,35494.0,36173.0,36858.0,37609.0,38471.0,,,,,,,,,,,,,,,,,,,,,,,,,,,,,,,,,,,,,,,,,,,,,,,,,,,
GIN,Guinea,8794201742.84609,8595955222.49719,10324668271.1362,11857030366.7891,13442861496.4454,14088693742.9464,17069115737.8259,19910452541.9219,22199409741.2578,,11767070.0,12073030.0,12385659.0,12704774.0,13034346.0,13371183.0,13710513.0,14055137.0,14405468.0,,3.82591056949435,10.82062719659,10.3000053427355,6.35849192736715,5.61691446889876,4.70459096113575,5.5823328114905,3.97240784200721,6.74493444630886,,11.7800825029834,8.17268112275132,8.91435947913097,9.82761701259191,9.47001039253012,10.6016203387167,12.5972882566934,10.4930409984424,7.80497591927973,8.12313914948596,5.224,5.013,4.826,4.787,5.018,6.018,5.827,5.267,5.244,5.23,53272458.4212994,1618447260.26485,577590000.0,352760000.0,44400000.0,176350000.0,197610000.0,658300000.0,1307980000.0,,654264223.613139,840496671.437211,980319295.402434,1242328572.91057,1379136556.90392,1499116032.51595,2183067127.24737,2109566460.25546,1887171051.40105,
GMB,"Gambia, The",1378176608.93204,1484578885.97132,1504909462.69521,1670671327.81651,1813609692.49994,1812170891.19069,2014158842.14596,2204734527.88096,2396111021.64149,,2224529.0,2283769.0,2342189.0,2399632.0,2456844.0,2515733.0,2576010.0,2636470.0,2697845.0,,4.0580738039996,1.94335965478776,4.8226112492757,7.23489033258579,6.22205315994859,0.591487287873974,5.25596878816744,5.49299823010114,4.79750895186164,,6.8084549457961,7.22879272057922,8.03418974545911,6.52096823946573,7.11567625631192,5.93127636562441,7.37034758876618,11.5131198380505,16.9742129632327,,7.26,6.285,5.157,4.127,4.538,5.892,6.269,6.076,6.479,6.496,71976051.7034138,69830172.212844,64338516.0351372,81805006.5959045,71083305.8667937,189576190.794227,251822628.807366,231488000.0,208372222.211356,,111040203.229818,87635582.4178872,169969976.48625,191773260.9803,256957421.665427,387046403.563775,652670952.247777,568244498.422456,577028229.488264,
GNB,Guinea-Bissau,1152384166.79638,1245074264.10396,1469978606.12143,1554133593.91699,1588638853.59328,1646400349.84867,1853796455.89489,1796608530.82267,2048348108.35852,,1786457.0,1831893.0,1877072.0,1922168.0,1967696.0,2013255.0,2058841.0,2105529.0,2153339.0,,6.1340893623123,5.30659633085426,4.78899161900992,3.76145359637003,5.55045564999175,1.49527443726818,6.18267668294831,4.60583180729681,5.19926829741253,,1.47672048910494,1.50312055861088,1.69111461822289,0.381324702791081,0.24660026814783,1.14000939393213,2.24248879577659,9.39383877456591,,,3.157,3.123,3.066,3.127,2.413,2.89,3.031,2.666,2.65,2.622,18575499.4478127,23998591.3709028,15691197.9520896,20563818.2174004,71658680.3379902,20989721.6146962,18529723.3545946,21658003.8438931,23799690.0,,,,,,,,,,,
GNQ,Equatorial Guinea,13185496881.0174,11240808847.8878,12200913878.9827,13097012133.6159,11364133549.7478,9893816007.7398,12215878032.7166,13687643435.6249,12337550583.754,,1453923.0,1508186.0,1562396.0,1616422.0,1670177.0,1716468.0,1758786.0,1803545.0,1847549.0,,-9.11004114881537,-8.81641723219757,-5.66750850486686,-6.23654406734575,-5.48182537893445,-4.79108083383294,0.860269956382069,3.22350831658598,-5.08930872071532,,1.67663085315988,1.41193915479015,0.74435474661241,1.06007410662171,1.53027528964189,4.76669523944228,-0.0971007664640198,4.78671704710803,,,7.95,7.962,8.004,7.967,8.064,8.781,8.976,8.455,8.367,7.823,1187699010.0,1755302290.0,384833210.0,-144465770.0,821413130.0,-9072490.0,561595620.0,1388191640.0,141780890.0,,1205154515.65311,62307444.1358487,45502925.1067975,48929813.6121629,40816834.5967151,60833004.0225614,44271185.5880532,1457611930.34543,1538461553.77119,
GRC,Greece,194567373678.099,193097239005.87,200381103984.298,213298873494.394,207305649887.019,191362985554.861,218303801895.326,218880566444.349,243498333237.802,,10820883.0,10775971.0,10754679.0,10732882.0,10721582.0,10698599.0,10569207.0,10436882.0,10405588.0,,-0.228301959026894,-0.0317952126675323,1.47312498503697,2.06467253338354,2.27718063644569,-9.19623147082588,8.65449785311438,5.74364918958959,2.3321238825698,,-1.73588804765284,-0.825653978390973,1.12125452031419,0.62562141345364,0.253007522038157,-1.24798355581405,1.22382501019854,9.64525981280632,3.46480128513405,2.74149045788606,24.981,23.514,21.413,19.179,17.045,15.899,14.656,12.426,11.066,10.133,1268938505.86333,2698544612.16074,3439131879.75517,4025447788.57703,4999635989.53693,3303648833.22836,6132475888.3553,7947989003.13405,4722066764.49034,,6027606781.10376,6851247713.21209,7803722132.38225,7578500698.89502,8507452886.82209,11931180004.6485,14447242598.1807,12061425398.4158,13608310628.7708,5609616295.00046
GRD,Grenada,997007407.407407,1061640740.74074,1125685185.18519,1166514814.81481,1213485185.18519,1043411111.11111,1122800000.0,1224577777.77778,1316733333.33333,,114676.0,115130.0,115438.0,115691.0,115981.0,116341.0,116688.0,116913.0,117081.0,,6.44522314693144,3.7396039558691,4.43867566948151,4.36144039364797,0.676511738873756,-13.7566222572107,4.68747816934534,7.32074061551874,3.56612861773655,,-0.515448031435329,1.65038994431573,0.908458255874249,0.804102313277033,0.598149764736022,-0.740732597045498,1.21951193916838,2.5805392590792,2.69612269814564,,,,,,,,,,,,154268835.19,109416203.750801,153278369.778148,185990696.386519,208615795.555556,141277504.814815,152223567.037037,162962004.814815,220002714.444444,,197973503.320903,207689282.825893,199125887.285472,233815853.807382,236325345.085472,293320432.166449,348259248.620045,371767322.523093,404129916.314621,423263143.568031
GRL,Greenland,2499113022.81675,2707139544.46695,2851613679.03433,3055782146.15957,2997309971.87623,3082884653.2456,3235809504.29871,,,,56114.0,56186.0,56172.0,56023.0,56225.0,56367.0,56653.0,56661.0,56865.0,,-2.52931802394475,4.68195410972302,0.0527281828800312,0.62306542854094,2.83217756798683,0.187608793759281,1.29021048770599,,,,,,,,,,,,,,,,,,,,,,,,,,,,,,,,,,,,,,,,,,,
GTM,Guatemala,62186064718.7424,66053403469.0024,71653754066.2763,73328365862.4329,77172317258.6478,77719464220.73,86478835636.3813,95630524813.106,104450210572.012,,15971743.0,16268760.0,16567357.0,16845685.0,17103803.0,17357325.0,17598650.0,17847877.0,18124838.0,,4.09217081621244,2.67780255532826,3.07985149125689,3.40687339997949,4.0178979343828,-1.78555194467604,8.03326771516488,4.20015588892568,3.52679214166824,,2.38872032839551,4.44844199942827,4.42453655182538,3.75186186704516,3.69998398008598,3.21444062197352,4.26105127422813,6.88512823344287,6.20657592272126,2.86919482222022,2.506,2.583,2.462,2.283,2.193,2.955,2.174,3.051,2.344,2.219,1203355080.0,845786560.0,998344470.0,922397870.0,1170758860.0,1004371660.0,3626364530.0,1450072830.0,1583156540.0,,7745916506.07283,9152627961.3824,11765104230.8297,12583121641.7733,14784046764.6684,18463562201.5352,20934881434.6135,20414938168.4224,21311089849.3863,23834241451.7846
GUM,Guam,5799000000.0,5901000000.0,6013000000.0,6051000000.0,6355000000.0,5916000000.0,6234000000.0,6910000000.0,,,164905.0,164233.0,163490.0,162679.0,161808.0,162158.0,163730.0,165180.0,166506.0,,0.825688073394488,0.18198362147406,0.890099909173486,-0.828231904933389,2.52360203340596,-10.5188595714539,2.0581832574708,5.09986426216793,,,,,,,,,,,,,6.9,5.4,5.418,5.449,5.401,6.248,5.991,5.454,5.363,5.586,,,,,,,,,,,,,,,,,,,,
GUY,Guyana,4279840193.7046,4482697336.56174,4748174334.14044,4787636997.85343,5173760191.84652,5471256594.72422,8041363893.04556,14718387016.7866,17159509565.4676,,758781.0,763548.0,768479.0,791556.0,807665.0,807481.0,815482.0,821637.0,826353.0,,0.687404590619494,3.80745626378814,3.73449154571284,4.44091288475967,5.35284003535665,43.479651716849,20.0600280629427,63.3345871591983,33.8026170921817,,-1.00173432776374,0.836008061506207,1.90465615515584,1.28284288443528,2.08723089162013,0.99333702283873,5.03285574626702,6.11505550109935,2.82110335099641,2.90395226446373,13.004,13.257,13.462,13.627,13.172,15.334,14.557,12.013,12.025,10.165,137700000.0,58000000.0,212241105.393472,1231760000.0,2690327775.794,1283062521.17088,2236503735.22896,-2996952015.17,-1135036125.52568,,531887027.917001,580981472.737257,565363504.401139,518509369.454311,573446281.433525,680634183.680422,790784502.119024,917877051.389658,895275181.194153,1009769894.14923
HIC,High income,49875503824325.0,50840864613079.3,53443174098147.7,56793957781697.4,57351008372783.0,55946257620087.0,62737887026890.0,64961263426035.5,68276492853979.9,,1360842914.0,1368877184.0,1374784294.0,1379152141.0,1383372477.0,1389524835.0,1387107942.0,1393036569.0,1400465513.0,,2.33977306014795,1.82381588978544,2.46333337508742,2.36455422748207,1.90609758327555,-3.86785580953425,5.7784942309149,2.89892584056888,1.77998069266845,,0.31969585681802,0.443258157565783,1.58734107634072,1.85081508315502,1.61076787290379,0.56813717711819,2.52264559340189,7.17222476016441,4.84991227992453,,6.54313754898565,6.1023115944233,5.57255492117066,5.07062826095132,4.74230573414226,6.42528049057761,5.52627993407203,4.47915987611736,4.32742379174678,4.3864512792173,2189857620773.16,2226354710075.58,1740889038258.84,510017756982.0,1409937951746.91,674781911610.241,1654107255002.19,1234413525925.77,426083870182.597,,,,,,,,,,,
HKG,"Hong Kong SAR, China",309385622601.348,320860317562.562,341273289534.466,361731070995.726,363074545072.389,344943149590.058,368954169748.818,358681066274.469,380812234827.832,,7291300.0,7336600.0,7393200.0,7452600.0,7507900.0,7481000.0,7413100.0,7346100.0,7536100.0,,2.38777713430783,2.17543135634364,3.7961040663029,2.84692770115917,-1.67239123872136,-6.54476757335387,6.45440824066419,-3.68357113148396,3.27652625631858,,2.99084819322581,2.40930743862224,1.49387243939522,2.40613432046534,2.88320853773996,0.2509620210808,1.56875834445922,1.88136707196853,2.09660511249089,1.72972119105914,3.314,3.392,3.124,2.805,2.917,5.808,5.174,4.318,2.949,2.793,181047431127.246,133259182324.997,125716724339.795,97036255478.9459,58299361094.7774,117452284750.967,137191251277.419,122407913138.418,121985594745.393,,358772789814.908,386293451174.891,431441967070.678,424619925347.188,441349592235.762,491775722027.416,496867134129.408,424029810371.016,425554111033.182,
HND,Honduras,20979791685.416,21717604952.1835,23136247990.5977,24067750760.499,24882225741.8119,23352232483.755,28144331506.6149,31426041806.7985,34400509852.0436,,9237305.0,9412380.0,9588137.0,9765210.0,9943633.0,10119640.0,10289877.0,10463872.0,10644851.0,,3.84007997093951,3.89297219726413,4.84291391050387,3.84499476966735,2.55963434592314,-8.96508223267296,12.5652843771279,4.14356194013767,3.58260362632656,,3.15783117980923,2.72461223295289,3.93436084442044,4.34734937777528,4.36587159819267,3.46841177951184,4.48087963413445,9.08963911525025,6.66325180347457,4.60621098127107,6.147,6.727,5.528,5.648,5.698,10.982,8.506,8.774,6.07,6.061,1316679827.33597,1147030449.99683,949955941.517779,1442587576.2096,955095297.980429,236016866.159637,800315953.182343,758286498.804818,1086111945.15352,,3754265677.88215,3813545536.14649,4708097401.41206,4769082161.53781,5744253369.31693,8138457727.65673,8666862380.88312,8410394831.45325,7543352779.92798,
HPC,Heavily indebted poor countries (HIPC),668868898578.296,675915287466.174,726226122250.308,776506227119.833,805115217775.604,813139899187.275,905796942446.21,983601535350.123,1129946910802.31,,735429414.0,756895035.0,779389964.0,802020674.0,824649053.0,847743308.0,870930036.0,893906294.0,917304254.0,,4.69481275900228,4.45300761977721,5.04274195236989,4.18150316736336,4.42440940301884,0.23286652027808,4.26605097390511,4.81099834377959,3.98131584100545,,3.77406982025571,4.66466235810216,4.97595150553833,3.06735996058356,2.80270307928111,3.48393567493204,4.48087963413445,9.62147608489072,7.12697482131851,,4.42867097391046,4.37144771498706,4.38423696813415,4.3509884503825,4.35891138556294,5.08466986799381,4.99025451599025,4.44664203690213,4.22661765181006,4.21260389549363,29844492523.8333,24562915943.1492,29665460293.199,28455134547.167,24459929085.463,19517246654.2647,32773498462.3563,28006344698.8388,32186116768.3684,,,,,,,,,,,
HRV,Croatia,51005200669.6941,52654855638.1057,56186190437.9959,61668130122.5878,61467582193.6824,57963370885.0798,69006802298.6956,71198635101.9514,84393795502.4421,,4151725.0,4106867.0,4041407.0,3988775.0,3949390.0,3914206.0,3878981.0,3855641.0,3859686.0,,2.32317515803855,3.46112947356767,3.28095812140658,2.90468149344008,3.10043911443758,-8.31164257884687,12.6317003277712,7.28793643206565,3.30254488086325,,-0.464499004644911,-1.12500000000002,1.12937210282347,1.50012501041756,0.771820346498019,0.154811374562106,2.55450699642041,10.7805806758686,7.9412817758683,,16.175,13.103,11.208,8.432,6.617,7.507,7.608,6.96,6.086,5.236,488655917.568245,1574455103.96608,1820430355.43778,1645992913.89195,3978656307.57573,1471750500.43121,5125181839.24963,3927390914.43453,3341914870.68901,,14966894623.4156,14244345198.2049,18818215998.8714,19991304927.8836,20770636599.6909,23253815166.0319,28308830585.9313,29726299387.3297,3176284868.24805,3335632832.65449
HTI,Haiti,14849629308.6025,14069277526.2278,15093357161.1498,16403864617.8458,15016090929.5125,14508222518.3018,20877414952.6375,20253551920.5516,19850829757.5418,,10523242.0,10671457.0,10817754.0,10962362.0,11105163.0,11243848.0,11374586.0,11503606.0,11637398.0,,1.40000000859727,1.81246807847532,2.51027134544685,1.66781095484656,-1.72309699839232,-3.30550546965893,-1.79823988931486,-1.68198396897978,-1.86388420254838,,6.73184069658997,11.5029073942666,10.6800887242584,12.4814111170435,18.7037825672506,22.7963113642528,16.8415240198785,33.98393194707,36.8135162780854,,13.724,13.852,13.881,13.878,14.057,15.546,15.28,14.635,14.556,15.058,105680000.0,104900000.0,374860000.0,105000000.0,75000000.0,25000000.0,51299000.0,39413200.0,23647920.0,,1902499197.97709,2081778585.31216,2316457386.78663,2273981843.67693,2355488437.86306,2590258526.98275,2457439221.85644,2173397186.29319,2586418762.20436,2565745292.6782
HUN,Hungary,125174166987.372,128609822750.039,143112196040.326,160565642983.587,164020460331.659,157288955508.176,182109999477.691,177006128624.627,212388906458.724,,9843028.0,9814023.0,9787966.0,9775564.0,9771141.0,9750149.0,9709891.0,9644377.0,9592186.0,,3.7073159793626,2.20100189293856,4.27197601620695,5.36234836176223,4.86422573511891,-4.48704604765308,7.06122060972912,4.58340767295068,-0.907685956140242,,-0.0616446800641672,0.394769306686392,2.34824281150154,2.85024792594646,3.33858635382008,3.32674385766738,5.11096534382855,14.6081439492433,17.1249659678737,3.70370370370369,6.813,5.115,4.156,3.708,3.419,4.25,4.045,3.609,4.107,4.434,-5469731521.61747,69453473203.2502,-12371761179.6433,-64648352413.5289,98265233190.135,167399384338.45,33487981473.6292,-1987414896.83333,-72234232901.2071,,33124288325.6273,25824253667.337,28002680652.4484,31366581856.0416,31831003374.707,41349416012.5512,43483375179.1178,41218685384.2451,45718623573.4135,37193970853.8952
IBD,IBRD only,25841079101004.8,26032663404168.6,28752304968945.4,30653934094282.1,31298751631398.9,30114868724300.2,35763964842420.9,37711987599830.9,38789302232983.5,,4677114235.0,4721984235.0,4766267453.0,4807550491.0,4845715724.0,4879367453.0,4905899020.0,4928694202.0,4952574126.0,,4.38966937054697,4.55791304938261,5.24270151032609,4.94176886829108,3.96812059209557,-1.32652203893156,7.54077062404079,3.56148584112441,4.56802785241229,,3.26150906442242,2.12081713361587,3.32389447576097,3.21605383144587,2.55754475703327,2.40414666699827,4.26635754479805,8.81109209279587,5.97802515541409,,6.31504463155657,6.42563161685031,6.40287394664439,6.29423565288986,6.08061330115891,6.97165272530513,6.33890972820408,5.60153415826182,5.16481549355938,5.10889443876907,537110948519.095,457670751505.784,453134174445.41,539865062554.702,479023790142.331,484011733946.689,656529654426.188,526055202771.024,329928855734.198,,,,,,,,,,,
IBT,IDA & IBRD total,28002742765817.7,28185625931332.6,31021018298163.5,33059072280457.1,33801024892359.5,32566020356731.5,38431269006646.3,40596809224874.0,41669008262158.8,,6281302513.5,6360570925.5,6440496862.5,6518627024.5,6594857152.0,6667541078.5,6733337540.0,6795222291.5,6858957145.0,,4.30926971818222,4.45643355109793,5.14509374898917,4.89599462756358,3.96939749227165,-1.29151078845665,7.30645449381386,3.61708089606813,4.46455748390061,,3.16346457365876,2.81833288054802,3.44637335032669,3.13285318810383,2.6806827895334,2.8981937602627,4.25936417542868,8.48730869535043,6.09852132676211,,5.90593917178313,5.9656762543311,5.98894655735445,5.92439685213894,5.78291780985394,6.64349161891375,6.17168860176086,5.42390521920667,5.03559497830807,4.97628769236817,658765304672.588,596996924019.584,577458338193.206,649556720843.395,616446846090.825,575342552007.091,850465384429.105,642067763800.266,451356458686.402,,,,,,,,,,,
IDA,IDA total,2160355432857.54,2151877377687.87,2268542522550.63,2405084337108.54,2501780139643.8,2450267402830.47,2668547717370.14,2885452928535.09,2880514996348.02,,1604188278.5,1638586690.5,1674229409.5,1711076533.5,1749141428.0,1788173625.5,1827438520.0,1866528089.5,1906383019.0,,3.36666057322816,3.25490851258159,3.97482645894532,4.34049260212883,3.98498285598943,-0.864245918392427,4.46027770944868,4.31229378886123,3.17237432437535,,3.16346457365876,3.37153003512095,3.89251625363385,2.96760366004456,2.72643037388832,3.48393567493204,4.1862150652352,8.16059031991844,6.66325180347457,,4.44600881534174,4.34425658266458,4.55218158153548,4.66056541533335,4.78267538138002,5.57685316149891,5.63088102209667,4.86219567527372,4.6258035699256,4.55947956895238,50312871364.9403,45268737632.6307,51625271797.1802,46072234557.6534,44299541274.4386,36481744189.6842,52010105795.6388,44600265381.3043,52104248080.976,,,,,,,,,,,
IDB,IDA blend,1058990581097.27,987290516597.472,1012161782023.07,1066719614873.96,1092770923537.26,1024076691136.99,1114246944908.41,1208339576445.76,1068437562493.42,,541987714.0,552474265.0,563290702.0,574487740.0,585824310.0,597524859.0,609556583.0,621500917.0,633230238.0,,3.69902754094092,2.06225678828412,2.5530061599637,3.82023508369629,2.84157652478699,-1.52352018281985,5.17233111350185,4.25620673677336,2.53025991509384,,1.95210679937833,2.42047587077673,1.65049494073163,2.63647201015892,2.20607305781525,1.79537147083108,3.23563659237071,7.00530945399787,4.47720868651284,,4.0689432554606,3.81818090299001,4.40074784684901,4.84749926503425,5.20102075138375,6.00035968627457,5.98291664974636,4.93203945664766,4.51808369615567,4.47542622339935,12857768421.8786,10378562680.8563,14420273811.8592,11263819889.2175,8435949919.63184,5159311709.10773,9633706201.40417,7991732623.65586,9549850751.15449,,,,,,,,,,,
IDN,Indonesia,860854232717.718,931877364034.196,1015618744168.08,1042271532953.49,1119099871385.79,1059054842711.55,1186509691070.97,1319076267291.51,1371171152331.16,,261799249.0,264627418.0,267346658.0,269951846.0,272489381.0,274814866.0,276758053.0,278830529.0,281190067.0,,4.87632230022123,5.03306918280177,5.06978590134916,5.17429153955024,5.01928768046282,-2.06551182934165,3.70288562827751,5.30741934775764,5.04810577067288,,6.36312113115612,3.5258051568793,3.80879806953157,3.1983464156241,3.03058664969487,1.9209680056685,1.56012990525673,4.20946383402165,3.67013142377007,,4.514,4.301,3.783,4.387,3.59,4.255,3.827,3.462,3.308,3.3,19779127976.9576,4541713739.23769,20510310832.4469,18909826043.5105,24993551748.0098,19175077747.8077,21213080329.8583,24702029705.0926,21543358781.3828,23666770333.5481,105928847088.719,116369601851.059,130215330382.957,120660974090.95,129186464020.188,135915917616.263,144907809744.209,137222356128.227,146358992701.848,149117682033.459
IDX,IDA only,1101364851760.27,1164586861090.4,1256380740527.56,1338364722234.58,1409009216106.54,1426190711693.48,1554300772461.73,1677113352089.33,1814046621127.36,,1062200564.5,1086112425.5,1110938707.5,1136588793.5,1163317118.0,1190648766.5,1217881937.0,1245027172.5,1273152781.0,,3.04908419426172,4.40167376529669,5.31130903431098,4.81671557309042,5.02166120544096,-0.278917782067623,3.83598052300617,4.36210132476684,3.74841700516441,,3.40274327737188,3.74103082110772,4.31421134623784,3.01748181031406,2.83514555687506,3.94180326908065,4.37012190478156,9.45955253039717,7.11475951738199,,4.64401561911986,4.62072484912705,4.63129659471406,4.56356857145765,4.56547551945593,5.35492848170194,5.44549655001937,4.82557394978687,4.68393546436256,4.60522000844804,37449339480.2096,34881376068.2419,37213338280.0556,34877461215.0814,35866286854.4606,31345701634.5287,42445629828.6399,36737076264.7754,42555378712.5194,,,,,,,,,,,
IMN,Isle of Man,7084800892.22284,6846377563.00683,6979788333.50279,7491649455.92717,7314967866.28289,6684225641.02564,7931193222.06405,,,,83593.0,83466.0,83609.0,83805.0,83957.0,84064.0,84106.0,84132.0,84165.0,,-0.385867273954943,6.95230365740586,2.83775741504488,2.21339675044368,0.254878786117672,-8.8368174000649,3.83783666558899,,,,,,,,,,,,,,,,,,,,,,,,,,,,,,,,,,,,,,,,,,,
IND,India,2103588360044.94,2294796885663.16,2651474262755.45,2702929641648.74,2835606256558.19,2674851578587.27,3167270623260.47,3353470496886.33,3567551674623.01,,1328024498.0,1343944296.0,1359657400.0,1374659064.0,1389030312.0,1402617695.0,1414203896.0,1425423212.0,1438069596.0,,7.99625378571471,8.25630550179086,6.79538341897911,6.45385134497769,3.87143694070356,-5.77772470686801,9.68959249192875,6.9870393257555,8.1529363109041,,4.90697344127256,4.94821634062141,3.32817337461298,3.9388264669163,3.72950573539129,6.62343677628535,5.13140747176369,6.69903414079852,5.64914318907925,4.95303550973656,7.631,7.601,7.618,7.652,6.51,7.859,6.38,4.822,4.172,4.202,44009492129.5319,44458571545.798,39966091358.7384,42117450737.2644,50610647353.5912,64362364994.3754,44727277562.881,49940258404.266,28078983530.3979,,353319061013.224,361694321972.036,412613792019.924,399167159226.682,463469902152.507,590227359928.896,638484779930.836,567298153917.14,627792750126.715,569544279505.316
INX,Not classified,,,,,,,,,,,,,,,,,,,,,,,,,,,,,,,,,,,,,,,,,,,,,,,,,,,,,,,,,,,,,,,,,,,,,,
IRL,Ireland,302391428540.035,305733136180.907,348532394023.595,395461216460.418,407124824064.995,436555518400.451,531306516907.984,548570250341.987,551394889339.778,,4701957.0,4755335.0,4807388.0,4867316.0,4934340.0,4985382.0,5033164.0,5165700.0,5307600.0,,24.6155699766256,1.22263860996429,10.0496285394614,7.54434190760031,5.040550288018,7.15789883057209,16.2556132446002,8.61950355191492,-5.53000736095537,,-0.330959783371788,0.0201247735963237,0.362173038229378,0.471130713712916,0.937842961189274,-0.326183651280033,2.34034113447044,7.82945736434105,6.29942487419125,2.11344999577317,9.908,8.374,6.713,5.741,4.95,5.623,6.364,4.501,4.288,4.369,226022972770.416,79795011377.5093,71124020351.9041,80581468516.7593,31252184929.313,35288206770.239,77722796051.0396,-35575910807.5926,-139972323560.253,,2203153449.1223,3589332627.17955,4412516406.92309,5222681912.93715,5732541811.18074,7463044894.51105,13246996093.19,13039213740.6945,12904794778.1845,11687942511.8083
IRN,"Iran, Islamic Rep.",409191686496.677,459042684192.698,489168731811.147,398880231367.268,333519146339.191,262186179355.944,383436202446.695,394362621793.035,404625655204.619,,82619362.0,83812228.0,85026754.0,86117998.0,87051648.0,87723443.0,88455488.0,89524246.0,90608707.0,,-1.42488493937491,8.8150866425182,2.75850524578875,-1.83800757093036,-3.0705879849703,3.33028845926594,4.71977773157164,3.77663140152906,5.04489051061807,,12.4846815611533,7.24542548952979,8.04492437660278,18.0141183371874,39.9073455697784,30.5941390387295,43.3890162681514,43.4884641742179,44.5791857572797,,11.166,12.618,12.232,12.195,10.74,9.687,9.282,9.085,9.041,9.192,2050000000.0,3372000000.0,5019000000.0,2373000000.0,1508000000.0,1342000000.0,1425000000.0,1500000000.0,1422333330.0,,,,,,,,,,,
IRQ,Iraq,166774104959.102,166743557747.671,187217660050.676,227367469034.031,233636097800.338,180898797516.874,209691945713.103,286640340965.517,250842782139.464,,37560535.0,38469627.0,39337353.0,40265624.0,41192171.0,42116605.0,43071211.0,44070551.0,45074049.0,,2.60676642939541,13.7873730187089,-1.81975035118309,2.63385099105624,5.51379057540518,-12.0367930931001,1.5021807095434,7.63981140218355,-2.93555773971221,,1.39333028780309,0.556521397155511,0.18405889884769,0.367441488936849,-0.198965380023928,0.574162679425795,6.04186489058044,4.99476596381044,4.35835351089586,,10.842,10.82,13.02,13.49,14.109,15.778,16.173,15.511,15.447,15.524,-7574200000.0,-6255900000.0,-5032400000.0,-4885100000.0,-3075600000.0,-2859100000.0,-2637300000.0,-2088200000.0,-5363500000.0,,53992019678.9023,45298562240.8151,49315419400.3988,64719421423.3098,68017647833.6447,54424472658.0154,64231022302.7097,97009236971.5221,112232897713.46,87047970881.5882
ISL,Iceland,17517210519.0912,20793168030.9524,24728285177.4603,26260850582.0687,24681343649.2952,21629953194.0659,25825287184.3818,28770206626.5564,31325116556.3807,,330815.0,335439.0,343400.0,352721.0,360563.0,366463.0,372520.0,382003.0,393349.0,,4.43666371937172,6.30368710650176,4.19494882908376,4.88917299486545,1.86117794293874,-6.94045309489034,5.25420975317854,8.9925076126915,5.03717943960838,,1.63305558181326,1.69692761997751,1.76041559180596,2.68291768267392,3.01397179156053,2.84792401518665,4.44423970189739,8.3087551155892,8.73630299937298,5.85683849970066,3.979,2.978,2.742,2.704,3.507,5.478,6.029,3.789,3.518,3.107,1145767444.82301,-1066286957.46864,-6999892980.93709,-622718386.260034,-556463720.652854,-878458464.58691,465254287.73459,1398126797.51186,1632083781.6992,,5040573412.30604,7225621330.32653,6566175919.51031,6321213331.79507,6782387111.82889,6419314385.06349,7078849095.85852,5887412717.94843,5808710368.479,6236489888.75603
ISR,Israel,302722655203.465,320958936788.842,357227098125.658,375149611117.199,399651065197.871,411728563086.632,489708278893.053,525000415276.678,513611100815.691,,8380100.0,8546000.0,8713300.0,8882800.0,9054000.0,9215100.0,9371400.0,9557500.0,9756600.0,,2.31351073538721,4.36728364160348,4.27342178782185,4.07447600571263,3.78514145224655,-1.46460564253812,9.34390774596847,6.47037150232485,2.42300691049012,,-0.601291007162392,-0.551552352993558,0.25941497450575,0.794075660242718,0.84978312826417,-0.61441235846577,1.51020047690539,4.39359665912654,4.22535211267609,3.07052614744924,5.176,4.723,4.14,3.917,3.731,4.169,4.812,3.695,3.596,3.15,11336200000.0,11988000000.0,16892500000.0,21514500000.0,17362500000.0,20968700000.0,18949900000.0,23031200000.0,15110600000.0,,90575018408.045,95446290281.5568,113009532488.062,115265900520.851,126007828810.341,173292120893.254,212933655186.265,194231433877.693,204660857567.016,214543676669.814
ITA,Italy,1845428048839.1,1887111188176.93,1970720904584.71,2099435266458.67,2019606796583.53,1907481094079.23,2179207773596.09,2102995942720.44,2300941152991.81,,60730582.0,60627498.0,60536709.0,60421760.0,59729081.0,59438851.0,59133173.0,59013667.0,58993475.0,,0.885667638046783,1.2362211072751,1.60369994648362,0.826646697363699,0.429162534371912,-8.86822121046387,8.9310620660078,4.66176265113695,0.69763299419678,,0.0387903996579733,-0.09401665691575,1.22653316645812,1.13748763600391,0.611246943765304,-0.13770757391651,1.87378325762481,8.20128991161718,5.62219442195901,0.982373023061417,11.896,11.688,11.211,10.61,9.951,9.164,9.497,8.069,7.627,6.778,13303439230.2377,25656663794.7916,8737024578.66006,44249715319.1484,35760550299.4853,-17050399620.8673,24902365870.5628,62728326243.5608,42019753074.4717,,130592432979.515,135133283786.776,151120440050.073,152361936421.553,175397954131.108,210687330553.17,227478327159.257,224580577612.139,247396384253.983,84874502826.3591
JAM,Jamaica,14188936958.4343,14077096714.1279,14808985171.3441,15730792835.5811,15830766570.7266,13812421803.4084,14657586127.0331,17097760723.9201,19423355409.2316,,2802534.0,2809915.0,2815764.0,2820097.0,2823271.0,2830739.0,2837682.0,2839144.0,2839786.0,,0.92148712538031,1.37522306445538,0.997123062335191,1.88992368121086,0.892291653822227,-9.92032244889079,4.6014245042592,5.22151984737387,2.20006147154612,,3.69154228855725,2.35102197485846,4.37839864991561,3.73663882152163,3.90510000865872,5.2267777929352,5.86278242801063,10.3495688391272,6.47413734662063,5.41194447981659,8.825,8.634,7.399,5.47,4.987,6.501,5.188,4.083,4.4,4.885,924977863.710039,927976718.982492,888835228.478601,774620603.11409,665415555.002522,265100553.561347,320480000.0,318736000.0,376524958.397676,,2913835195.89151,3291468022.15921,3781167558.10295,3532039680.05605,3631089258.40452,3938028780.65402,4837564537.17809,4520481084.67503,4868643492.7225,
JOR,Jordan,38587017887.3239,39892551126.7606,41608435915.493,43370860704.2254,44503006338.0282,43700383098.5916,46296100140.8451,48764963380.2817,50967475352.1127,,9544729.0,10006367.0,10234226.0,10462306.0,10671891.0,10865228.0,11066356.0,11256263.0,11439213.0,,2.49652879315188,1.9941808493012,2.47359815449045,1.91907091341564,1.75124077866225,-1.10275188309046,3.65564191030398,2.64743616429071,2.67827153754409,,-0.876851359704049,-0.778430463054142,3.32389447576097,4.46231108475481,0.761514047265601,0.333294350628378,1.34609377243118,4.22915568897117,2.08486986327134,,13.075,15.275,18.12,18.257,16.801,19.213,19.837,18.2,17.969,17.996,1600281690.14085,1552957746.47887,2029718309.85915,954929577.464789,729718309.859155,760281690.140845,621830985.915493,1251408450.70423,842816901.408451,,16571894982.6299,15543454210.4578,15571115321.1352,14580237971.8722,15400591352.5233,16961505361.5263,19089364753.8241,18198223674.0612,19068901690.6261,15929034364.937
JPN,Japan,4444930651964.18,5003677627544.24,4930837369151.42,5040880939324.86,5117993853016.51,5055587093501.59,5034620784584.98,4256410760723.75,4204494802431.55,,127141000.0,127076000.0,126972000.0,126811000.0,126633000.0,126261000.0,125681593.0,125124989.0,124516650.0,,1.56062669674904,0.753826745903538,1.67533175166503,0.643391023460339,-0.402169200910933,-4.14711889947692,2.55932023865617,0.954736937781391,1.67901952310368,,0.795279630579839,-0.127258844489754,0.484199796126385,0.989094598021848,0.46877615938395,-0.024995834027731,-0.233352779398264,2.49770278172255,3.26813365933163,2.73853681635241,3.385,3.132,2.822,2.467,2.351,2.809,2.828,2.6,2.6,2.563,5252218412.39172,40954181468.5533,18802251208.1069,25289367857.8518,39960544340.0141,62584719398.0912,35027163875.7213,48124316590.0529,20440829347.4902,,1233097790281.8,1216518779919.68,1264140980383.63,1270467038786.78,1322443255598.64,1390808939303.36,1405748991418.92,1227573263129.26,1294636035263.82,1159702379068.9
KAZ,Kazakhstan,184388404706.042,137278320084.171,166805788827.233,179339977690.485,181667184854.501,171082365861.423,197112255360.612,225496328925.494,262641892078.524,,18084169.0,18363600.0,18651931.0,18932727.0,19209555.0,19482117.0,19743603.0,20034609.0,20330104.0,,1.20000000053288,1.09999999910173,4.10000000257358,4.09999999309841,4.50000000091883,-2.49999999628,4.29999999729456,3.19999999970734,5.09999999973641,,6.67828585615244,14.3610942386247,7.44266321306792,6.16366247577751,5.33356098916669,6.71815454861464,8.04147134028396,15.0278644440851,14.7249900200331,4.85655589318192,4.93,4.96,4.9,4.85,4.8,4.89,5.546,4.86,4.821,4.794,6577824049.679,17223789547.9215,4757396810.52606,353291554.55809,3730856270.68398,7205989084.29,4566615415.49,5077496659.11,5437312390.6917,,27854795818.7629,29603056785.2248,30746770568.3835,30976612438.5176,28957509931.0023,35638096635.119,34377998805.6455,35076053023.0673,35964591353.82,21979739005.0892
KEN,Kenya,70120446896.8359,74815144163.8931,82036510877.2599,92202979985.2863,100378436207.371,100657505750.545,109703658904.994,114448978152.637,108038588970.595,,47088526.0,48139687.0,49197766.0,50207107.0,51202827.0,52217334.0,53219166.0,54252461.0,55339003.0,,4.96772112759767,4.21351706814744,3.83795817364721,5.64794640709219,5.11415885767801,-0.272766327438816,7.59048947333467,4.85998104287999,5.55587301319866,,6.58215429284779,6.29724953814625,8.00564967709945,4.6898064677633,5.23963795764792,5.40516207933392,6.10793603659176,7.65986268272224,7.67139634029402,4.48978854243448,2.762,2.757,3.541,4.284,5.014,5.619,5.693,5.707,5.567,5.434,619724465.016411,469533310.683932,1346085345.21692,767761506.730644,469940266.776669,-5403752.28986896,419719612.932137,791581760.055161,728766608.605276,,7514864907.05536,7553884912.6237,7325420063.33911,8164380806.22987,9115806005.21186,8297263558.90541,9490896580.9297,7969488013.00049,7341776189.84466,10065144724.619
KGZ,Kyrgyz Republic,6678177511.66313,6813095379.1187,7702938379.42036,8271106235.41552,9371275264.36735,8270468614.24051,9249133946.26531,12134931017.9465,13987627908.8381,,6040035.5,6175337.5,6306695.5,6444078.5,6590211.0,6726595.5,6851224.0,6975219.5,7099750.0,,3.87582544512439,4.33585592190116,4.73993722377884,3.75791013557165,4.60062565707598,-7.14897757727955,5.50700762671923,8.96750520041391,6.15139183716032,,6.50331838993384,0.388838296895799,3.1753098637994,1.54266145238436,1.13362257718804,6.32542296338078,11.9050398185147,13.9229093174176,10.7532770416742,,3.338,3.474,3.57,3.67,4.295,4.63,4.096,4.043,3.991,3.289,1144054000.0,619220700.0,-107212800.0,144222600.0,403865100.0,-401518600.0,226205400.0,54849000.0,490400000.0,,1777941002.20899,1967811282.96594,2177013757.29635,2156976620.3674,2428567693.63364,2811615193.09799,2982533267.78709,2798508309.69425,3236844683.24645,
KHM,Cambodia,24174170369.0738,26556545153.3573,29355665909.7905,33145892168.8958,36685356407.7206,34818073901.4851,36790163687.4421,39994532959.6074,42335646895.7984,,15623251.0,15852803.0,16073372.0,16274522.0,16481304.0,16725474.0,16974305.0,17201724.0,17423880.0,,7.20703472529512,7.90550116130704,8.07503915535979,8.77622376224463,7.93695013588524,-3.55572193406549,3.08984284148661,5.10336888677125,4.96006658918908,,1.22393195511119,3.01913975139128,2.91263557371478,2.45908515380146,1.94257500833107,2.9402951426397,2.92073477592949,5.34370264895437,2.12746796594194,,0.393,0.716,0.141,0.13,0.119,0.172,0.396,0.231,0.225,0.27,1822804151.25712,2475915853.65763,2788084321.65816,3212633447.0447,3663032999.47048,3624644990.13295,3483461605.65372,3578831295.87393,3958792378.8864,,7375682885.24626,9113957299.04389,12201741896.4868,14630894025.9984,18771430900.2127,21328475092.6612,20269721097.822,17801364792.3965,19983916474.9418,18607696937.8108
KIR,Kiribati,191559398.175292,206467834.045145,222875724.653979,233514703.710292,216985362.338171,223123620.597516,289339292.157301,270841698.369345,279208903.337644,,116815.0,118478.0,120275.0,122084.0,123921.0,126099.0,128377.0,130469.0,132530.0,,11.2653381034544,7.08802960050427,3.74913001948165,3.47943880004293,3.26425930432951,-0.562016449352072,8.52266121721455,3.90535280738948,4.12459054312031,,0.572015743634256,1.91731090233378,0.355520888546828,0.564030491493476,-1.81307995302947,2.5532455441463,2.05361676773907,5.34595440908904,9.28307374517721,,,,,,,,,,,,-819824.352875235,1806963.91645454,784797.254894666,-1144364.71702219,-558280.50228304,2624092.83886645,1031375.96193946,4270167.12694068,5110622.69797061,,,,,,,,,,,
KNA,St. Kitts and Nevis,957222222.222222,1006818518.51852,1056977777.77778,1076548148.14815,1107855555.55556,883922222.222222,858622222.222222,981429629.62963,1055499777.77778,,47087.0,47075.0,47050.0,47008.0,46952.0,46870.0,46763.0,46709.0,46758.0,,0.694135527876625,3.93270319273282,0.220941147299996,2.00352549800972,2.83126737870639,-15.3544517590966,0.479678356753311,10.5228492759939,2.2849480914594,,-2.30187563045616,-0.687037123294039,0.694916711613604,-1.03712214131572,-0.329562063663977,-1.16724501769353,1.195688870384,2.66817533111249,3.55711230848243,,,,,,,,,,,,128276604.814815,121415245.555556,48026116.2962963,40051767.037037,62459225.9259259,2838722.96296296,19191295.5555556,52946962.5925926,30905807.7777778,,288394872.297999,320542568.31894,365098328.465168,363216830.554272,362798006.089721,373502419.388162,337532614.294912,293979512.215724,286074596.982653,294747744.694362
KOR,"Korea, Rep.",1466038936206.43,1499679823909.61,1623074183501.9,1725373496825.43,1651422932447.77,1644312831906.17,1818432106880.04,1673916511799.71,1712792854202.37,,51014947.0,51217803.0,51361911.0,51585058.0,51764822.0,51836239.0,51769539.0,51672569.0,51712619.0,,2.80910326824133,2.94688171508626,3.15963574012777,2.90740377377135,2.24397786011012,-0.709415359397681,4.30473481906969,2.61267219187226,1.35673324311098,,0.70633177245575,0.971685739912168,1.94433230786366,1.47583935002645,0.383000303608136,0.537288023411737,2.49833333333339,5.08951365062842,3.5974562502901,2.32174328643542,3.546,3.65,3.653,3.824,3.746,3.931,3.639,2.857,2.675,2.604,4104100000.0,12104300000.0,17912900000.0,12182600000.0,9634300000.0,8764900000.0,22060400000.0,25044700000.0,15178400000.0,,366707257929.029,370154204332.626,388804901513.924,403082233385.987,408819161841.749,443462937570.176,463281305723.059,423365991593.016,420930029064.025,409457248116.746
KWT,Kuwait,114585555830.916,109406674087.947,120687539675.517,138646316321.596,140856394870.02,111045470461.207,148459291453.471,183940215065.171,163704878875.85,,3834574.0,4004096.0,4154812.0,4323515.0,4442316.0,4400267.0,4360865.0,4589643.0,4853420.0,,0.592771759399795,2.9260739013296,-4.71222158000512,2.74333053861318,2.26381690553512,-4.81742860622226,2.26080609815888,5.85920887270251,-3.64042590261035,,3.27170166092133,3.19839776658374,2.17183298510006,0.543133148199567,1.09184802655856,2.101729548274,3.42362947609188,3.98064961990313,3.64216403030709,2.89855072463762,2.2,2.16,2.227,2.204,2.251,3.557,3.002,2.174,2.127,2.144,284647623.805362,292026510.202096,113012065.007347,-21377568.8207292,515617569.386937,-558055522.567383,-272335307.098366,752255305.966946,2114603344.83449,,30960893267.6336,33936274928.4313,36889754716.8625,40282453060.4129,43668410965.0783,52918606999.3546,49525016980.8271,52461721622.8115,52619359334.9437,44103517198.218
LAC,Latin America & Caribbean (excluding high income),4634562623756.21,4496975105252.45,5012882938385.36,4870399736155.19,4803447002170.21,4047055896231.79,4693445308215.29,5393055179435.19,6057469575864.84,,555893183.0,561307280.0,566870356.0,572668977.0,578311232.0,583125825.0,586944219.0,590730587.0,594995068.0,,0.292412438325272,-0.483626127266461,2.01747606734422,1.56536565371992,0.627524013391039,-6.46995503500867,6.86315270291729,3.84923888879409,2.07213292803164,,3.12900274473925,2.72461223295289,3.27955694678546,2.78235709149245,2.17408413342917,2.00241205759292,4.26105127422813,8.27477490232654,4.63202285403356,,6.69224523331841,7.89208553630397,8.21313906908208,8.07033178581621,8.11517433962502,10.2741273901423,9.23355868723715,6.90218174932878,6.11953093081959,6.15485627682284,145166053942.94,149295047218.029,148414880019.279,157723040543.964,135935058620.697,90739548517.8463,121006078779.43,170977642731.212,153263391348.227,,,,,,,,,,,
LAO,Lao PDR,14426380125.6488,15912501722.6143,17071155481.4994,18141641089.7963,18740561512.5555,18981805250.2424,18827148530.9347,15468785203.7532,15843155731.2552,,6801645.0,6908802.0,7018147.0,7128045.0,7237636.0,7346533.0,7453194.0,7559007.0,7664993.0,,7.27006584373785,7.02283625501138,6.8925308726989,6.24796000755872,5.4577350924848,0.503031829018681,2.52835100486102,2.70742652643155,3.74568140158232,,1.27735427102992,1.59691227583204,0.825478607568026,2.04039266890201,3.32255881256925,5.10407262959919,3.75562036658877,22.9562225132056,31.2301341732646,23.1305695942588,2.494,2.881,3.268,2.9,2.537,2.361,2.066,1.209,1.188,1.218,1077759914.58895,935296172.783645,1693080810.93877,1358019506.22958,755524124.249368,967706086.202045,1071913715.60885,726273736.492144,1781176779.47453,,1068907282.66709,916030473.782855,1125475868.42048,980441052.937056,1110905148.66408,1894600080.96868,1950518267.75273,1576038534.74606,1769745792.21118,
LBN,Lebanon,49929337836.8159,51147308774.1294,53027680685.9038,54901519155.5556,51605959131.2741,31712128253.7961,23131941556.7843,20992421948.8081,,,6472469.0,6323060.0,6160128.0,5984119.0,5794594.0,5702398.0,5718122.0,5744489.0,5773493.0,,0.462320792597581,1.55454940856943,0.903028464073813,-1.88470575631651,-6.91492472851026,-21.3998996914321,-7.00123862514116,-0.621678970663112,,,-3.74914524799629,-0.783359624361508,4.32135218303191,6.07698907889607,3.00538949390383,84.8643330472041,154.756096023393,171.205491336641,221.341644023365,,9.306,9.786,10.251,10.745,11.301,13.284,12.669,11.6,11.543,,2159289951.7,2568485071.1,2522409653.4,2658003844.61444,1906392482.4039,1606894721.93483,599788270.817044,526838753.906365,655437382.076387,,48531390536.9734,53905512885.564,55411532096.3304,52380608542.3956,52213484574.221,42440403086.5713,35239219335.7146,32512880021.5268,27489698131.497,9240157309.62062
LBR,Liberia,3227075700.0,3398419600.0,3390703400.0,3422754800.0,3319596500.0,3176126300.0,3513049500.0,4001047000.0,4240000000.0,,4659431.0,4755608.0,4848925.0,4944726.0,5043721.0,5149463.0,5259323.0,5373294.0,5493031.0,,-0.0185649695590939,-1.5549586174878,2.45515592012239,1.15757512207355,-2.46729763532686,-2.98249127649473,4.98671283481617,4.80810517290655,4.68375688761311,,7.74869687621322,8.83424868336488,12.4196323907138,23.5635148953742,26.9662760197878,16.9557241496255,7.81559385858648,7.59298486560313,10.0944535665552,,2.557,3.081,3.066,3.056,3.068,4.109,3.845,2.977,2.933,2.882,232679832.473779,311699760.322875,247842983.01405,129129754.833293,86681700.4596762,737967946.557703,535582905.542481,960192468.672831,744581110.0,,560742588.406987,586024559.973528,585997776.606725,332150947.81251,297070852.933413,340965880.534905,700828780.063079,599660417.529906,,
LBY,Libya,48717501321.3052,49912073701.298,67157452181.7738,76686029772.1483,69254496471.6938,46854285440.642,35217995647.2862,43246297921.8499,45096462972.4014,,6531819.0,6632126.0,6738770.0,6849055.0,6951033.0,7045399.0,7135175.0,7223805.0,7305659.0,,-0.842656252118843,-1.4909411172622,32.4918021862688,7.9413678529104,-11.1960828853386,-29.4552967282824,28.3334624622298,-8.25163004105288,10.1558181770326,,10.4022933588151,25.8538742124461,25.8036184788338,13.1702038536721,-2.16217883470595,1.44703656998741,2.86833027751019,4.51030149235703,2.37317531435169,2.12615766885025,19.676,19.522,19.02,18.836,19.05,19.613,19.641,19.282,18.753,18.615,,,,,,,603000000.0,,,,77649594284.0862,70191441968.8814,79417877682.1686,85335649782.1665,84663589516.8684,79656428064.8913,82262074686.351,86683417844.2693,92427294786.8624,80591801678.1604
LCA,St. Lucia,1807629629.62963,1868555555.55556,1998518518.51852,2060962962.96296,2095370370.37037,1499296296.2963,1867185185.18518,2342703703.7037,2430148148.14815,,174905.0,175646.0,176342.0,177017.0,177661.0,178250.0,178522.0,178781.0,179285.0,,0.100928143120058,3.42809695148472,3.38137472283815,2.88619765184433,-0.700859001545481,-24.3611553496453,11.5994736212466,20.3867675749845,2.21007265992306,,-0.983600952696996,-3.07821765676927,0.104262078958441,1.93561893150602,0.539087559191757,-1.75580833517594,2.41070312174393,6.37814695133351,4.07060821926204,,20.858,19.933,19.136,19.329,15.613,25.224,20.514,15.934,11.092,10.928,152240176.107529,161613065.584917,89941452.0910667,45522200.8444974,75509997.7777778,99135484.8148148,90682854.4444444,59332604.4444444,123398721.851852,,317540361.620252,305519500.768958,321767417.204396,285824309.747523,260870367.109565,231361279.00078,433117473.472593,389083414.445693,424323643.897079,406063791.484465
LCN,Latin America & Caribbean,5420625373878.58,5285772978074.74,5869256493740.25,5743189791995.49,5659312361702.85,4805510770575.42,5581050600056.69,6344871239270.21,7100142198622.08,,618806527.0,624664026.0,630329435.0,635680745.0,640853375.0,645497618.0,649234475.0,653104771.0,657611624.0,,0.401673200877866,-0.337640933516013,1.89213063892014,1.57449214881072,0.683718079431173,-6.59418211666363,7.04894757678922,3.96351551245873,2.08842613019844,,1.86148302863371,1.65038994431573,2.19201010962985,2.32414485367921,2.25212191358027,0.99333702283873,3.49505757399448,7.7806152516404,4.63066263911662,,6.66835528355285,7.72950812252869,8.02872636932909,7.93233089575174,8.00039639339805,10.2142816414883,9.15752048997139,6.91530046339274,6.20743027327999,6.23851055377876,322293818126.246,220104691522.282,202978254105.581,209583246136.061,197987277670.358,152175510876.855,184811049701.158,235401204641.671,238851595450.272,,,,,,,,,,,
LDC,Least developed countries: UN classification,928290888606.707,944199366020.67,1033373602036.67,1100496566937.02,1161448671597.72,1172274838994.17,1279711995341.63,1435846906574.13,1516309568380.52,,962508256.0,985414939.0,1008993468.0,1033110314.0,1058013514.0,1083636132.0,1109175268.0,1134585604.0,1160824674.0,,2.63590689072511,3.72862483921577,4.55472774787005,4.6074519220209,5.07595523322277,-0.112639131113383,2.83007974061209,4.64043771145433,3.43106103848459,,3.55075967356746,5.51352572692995,4.77424402935677,3.47796666914955,3.32090626980376,4.4641443723286,4.1862150652352,9.39383877456591,7.12697482131851,,4.83938455097352,4.90683769238846,4.96947310302949,4.8870235507301,4.88614655379023,5.63912879862034,5.75302416584841,5.08844456845939,4.94642314711997,4.89153403312394,38391762482.4404,25896205470.3009,21143919419.0525,18361059819.3507,19958486544.8684,22841050530.799,27323698935.3621,24895357895.2758,33065304342.2162,,,,,,,,,,,
LIC,Low income,417756953873.849,385206512173.903,403454290228.211,420211435774.79,447114593744.199,442702142538.41,474823152496.384,547199942824.132,663529162731.73,,592175402.0,607867476.0,624557000.0,642186195.0,660718366.0,679560744.0,698215206.0,716865783.0,736466395.0,,-0.732224959120614,2.04941016154989,3.11406382011086,3.39941960994614,4.29969420144019,0.320842852246315,2.17478340495141,3.669985449748,2.23905392962553,,4.96090778162717,5.87106681385445,8.27953672260832,2.96760366004456,2.867588034469,5.03301614357542,5.47272729806339,9.95043894711641,8.50065078588369,,4.86329466984677,4.96460707270764,5.05750451691876,4.97554452810785,4.99494314733493,5.68731646365826,5.70873263357671,5.07394035163587,4.9067296311379,4.73509120267984,13851115800.6584,12534425168.5516,12612330759.8206,12047199507.0956,13515933619.3502,12729037288.6534,17530135049.9734,17673680661.2567,17098005227.7624,,,,,,,,,,,
LIE,Liechtenstein,6268515276.17441,6237302033.50132,6474308717.85289,6692620691.84146,6436467007.11932,6405870210.32293,7710380085.92257,7361504432.19331,,,37494.0,37716.0,37962.0,38246.0,38563.0,38901.0,39182.0,39493.0,39850.0,,,,,,,,,,,,,,,,,,,,,,,,,,,,,,,,80400430107.7698,60669833862.7331,38999586460.5875,-87212093508.4059,,,,,,,,,,,,,,,,
LKA,Sri Lanka,85140955388.8509,88012282205.8357,94376237797.2367,94493871200.7869,89014978344.1404,84304298770.5329,88609324901.9774,74144870023.4244,84356863743.6335,,20970000.0,21209000.0,21444000.0,21670000.0,21803000.0,21919000.0,22156000.0,22181000.0,22037000.0,,4.2059554759927,5.05362489256818,6.4606812707036,2.31008425192161,-0.220483886072614,-4.62451503662909,4.2074764951157,-7.34679123599076,-2.29801056186895,,3.76836783062096,3.9588884659307,7.70413767850602,2.135037737132,3.52839358231811,6.15394508391738,7.01478071238195,49.7211021114327,16.5411742279832,-0.42936004906973,4.519,4.242,4.046,4.318,4.67,5.364,4.981,4.528,5.997,4.996,679655644.244789,897049375.883533,1372723043.13402,1614044009.22884,743466231.468031,434075668.46642,592289969.90297,884150491.430208,711826200.490003,,7302096590.22385,6008199165.17799,7959047614.93675,6920825566.09992,7648305273.42442,5663994385.32784,3136991506.34787,1896231717.15846,4405117005.00662,6054549136.37437
LMC,Lower middle income,5089665684079.03,5304010748630.26,5741380409466.09,5994118980886.44,6298712117939.29,6102312002456.38,6911861585177.34,7371395678679.62,7439509140290.38,,2763351401.5,2804867051.5,2846133568.5,2886705487.5,2926690682.0,2966396716.5,3004162907.0,3041203716.5,3079778780.0,,5.93535098141163,5.70061883855826,5.46412026811525,5.44169179603699,4.08021485252759,-3.59905640498262,6.66098044124838,5.83527094749616,5.54638861437577,,3.23658600886781,3.20522434559745,3.52025688811617,4.0611633875107,3.31925372703827,4.87167398565555,4.14968003360264,7.69695437176898,7.38281384280984,,6.14822585838289,6.03309865819284,6.12168566458668,6.11409397114733,5.62039668810011,6.66380926217302,6.0122012019493,4.8436880217257,4.4022140714888,4.39213045101583,121826244374.71,111707996672.348,110400670529.66,108776234018.793,111334969876.209,115334541910.563,108434223276.595,115177503653.602,101021902055.044,,,,,,,,,,,
LMY,Low & middle income,25336686257692.4,25597069953897.6,27987406037838.4,29791620278516.9,30495388425380.4,29521428086822.8,34778125922181.4,36465232446694.9,37533765909928.0,,6050054834.5,6128880429.5,6208763934.5,6287535114.5,6364581440.0,6438169877.5,6505838578.0,6568731933.5,6633109634.0,,4.71856161296273,4.7630054707956,5.34256867149985,4.99044685785645,4.07328100134572,-1.11971699943622,7.33770098713171,3.81529699220692,4.61145900782721,,3.21844513655931,3.01913975139128,3.66699702675908,3.23929245939142,2.74176382475803,2.99313555869917,4.22278962033194,8.32008377271927,6.09114152504141,,5.86808072014731,5.94980345886318,5.99678702133241,5.94758218404823,5.81381616292644,6.6515900324549,6.19361989007564,5.45251358879628,5.05976552198271,5.01335857931836,599269034332.381,518753283046.14,514773276082.454,593379665910.733,530567435678.254,523212954189.401,728976003638.557,591564017022.372,393627414816.131,,,,,,,,,,,
LSO,Lesotho,2359686724.53829,2114426452.2019,2306741672.29006,2556247291.99785,2390702295.82777,2053699870.07191,2412130056.55851,2354683088.71995,2117962450.79469,,2104611.0,2130422.0,2157110.0,2183603.0,2209405.0,2235727.0,2261542.0,2286110.0,2311472.0,,3.12406678044546,3.60890731687714,-3.13817493733471,-1.48063315848241,-1.41799383085205,-8.15595879914267,2.26671067006538,2.38778020186284,1.82662525852363,,3.21844513655931,6.59650490696543,4.447699373763,4.7518030162474,5.18708359197982,4.97809676252309,6.04774591950676,8.27180389943028,6.34221743124953,6.10544624245032,16.254,16.17,16.401,16.625,16.876,18.399,18.23,16.688,16.457,16.147,113220010.397593,79234548.9131338,42168784.1137567,40874071.9300266,35732593.4088113,28001666.9222279,-12372192.4621816,-7820069.16054053,-25647817.1357354,,997431660.022088,925195318.767947,657668309.282079,728527649.979486,774095190.47731,730280379.220373,798207194.327049,771278260.396463,854088923.807729,
LTE,Late-demographic dividend,18565287346572.2,18605453840467.4,20647673102305.8,22641256363718.2,23070237789791.1,22553187301005.7,26910414198858.4,28079439418908.5,28348483457826.9,,2256211694.5,2270944240.5,2285977088.5,2298520431.5,2309008599.0,2316785459.5,2320366261.0,2324072105.5,2326658047.0,,4.7100397111755,4.46304884862869,5.31776901139136,5.42239928795018,4.65564157826294,0.212543195836901,7.48001074828512,3.14193460612731,4.1494212730548,,1.5579071134626,0.977675134719049,2.17727572689263,2.47446347118434,2.16176258133054,1.93694126694223,3.49505757399448,8.51819703483594,5.9801225620013,,5.10020518821698,5.26933984483668,5.26018396626271,5.03962485623598,5.185075164245,5.9184077587943,5.49510544394083,5.1827288093095,4.80560627805011,4.65080025903247,692552879695.93,497659504635.927,493240165482.803,612989458081.245,573102219834.433,367262318409.091,712491582572.357,409177339363.625,140604790260.546,,,,,,,,,,,
LTU,Lithuania,41540954817.2039,42970749245.0336,47756764508.446,54261795148.5372,55122066225.796,57412038533.2718,67037321008.9679,71033884499.7824,79789877416.1681,,2904910.0,2868231.0,2828403.0,2801543.0,2794137.0,2794885.0,2800839.0,2831639.0,2871585.0,,2.83280857741104,2.67192019895775,4.61224314600778,4.9183697945524,4.67735155796807,0.0428140173486753,6.38001676204321,2.53752500887173,0.34226255222913,,-0.884097405500596,0.905525075460342,3.72288862303707,2.69792779208394,2.33450937988027,1.19989444983569,4.68354420903453,19.7050461518394,9.11731962390475,0.715735835228723,9.12,7.862,7.073,6.147,6.255,8.487,7.112,5.955,6.841,7.504,1036954105.5948,1177533775.88122,1383731106.4056,1299841764.37371,3434299309.82763,4560496002.83869,2507626415.82615,2419329634.05406,3831114463.91848,,1697150153.84852,2599864854.6003,4449678813.3316,5770956096.50459,5085045225.2078,4846519049.92043,5579844284.24645,5365254190.36888,6168341355.74637,6919547582.10623
LUX,Luxembourg,60071584216.1375,62216885435.9488,65712180342.9836,71000359760.4611,69890505323.5842,73699366700.2134,85584105993.8746,81641807865.7591,85755006123.5976,,569604.0,582014.0,596336.0,607950.0,620001.0,630419.0,640064.0,653103.0,666430.0,,2.26978448419565,4.97819043681629,1.31718766293677,1.21932191856359,2.9158479150005,-0.909829798886719,7.16840198697749,1.38018589083207,-1.09572361576994,,0.474743161437779,0.290833333333317,1.73079959118887,1.5281952430738,1.74332075653848,0.819957302127036,2.52692009066166,6.33600807777919,3.74140361983136,2.05113269954859,6.796,6.669,5.523,5.589,5.592,6.766,5.571,4.588,5.184,5.935,45432153560.0,17580970090.0,-27369776660.0,-83336482550.0,163717596800.0,9838881740.0,25122591050.0,-359330640340.0,-62807620780.0,,770747330.389649,973176553.118613,878080634.297165,938890223.596831,1054874472.69212,1119076142.01965,2920761393.10535,2873502278.71074,2977407185.9864,2601640416.04244
LVA,Latvia,26344565876.8902,27117105059.5075,29391059767.4259,33247935477.3576,33099503950.847,33379927434.6149,38185125732.9451,38018905782.397,42247850064.5125,,1977527.0,1959537.0,1942248.0,1927174.0,1913822.0,1900449.0,1884490.0,1879383.0,1877445.0,,3.78336528957813,2.55168585354701,3.39894937779009,4.30971088766286,0.675375256812075,-3.46922915339618,6.94723316214511,1.8126824022841,1.70679524969924,,0.174242243625186,0.140633334505327,2.93036312374665,2.53445424186598,2.81140920075615,0.219064904842156,3.27582937431156,17.3102830198815,8.93804623316637,1.26579885828729,9.873,9.643,8.715,7.412,6.312,8.098,7.513,6.815,6.465,6.72,812843819.517909,335420977.516689,1189985285.1542,439128427.014648,1115785160.98483,939356413.88956,3734085089.75474,1217386449.16126,1689068343.71427,,3445996161.48029,3511946854.90789,4613455660.77037,4370730735.82853,4479621403.97313,5289640347.50005,5491144972.57496,4460033442.8517,4956772380.01986,4591076861.28181
MAC,"Macao SAR, China",45048190598.3249,45070808688.9611,50383871120.8733,55190661339.7796,55082293844.1008,25343525935.8358,30969334705.0515,24999113475.8368,45803067940.4072,,642900.0,652500.0,648400.0,658900.0,672000.0,685400.0,682500.0,677300.0,678800.0,,-21.5143587490514,-0.679119307700333,9.86012194497106,6.40536532129433,-2.56346757368024,-54.3361546022371,23.535988887849,-19.6093363742205,75.0613769262435,,4.56056338028164,2.36895749705898,1.22812404052816,3.00446293166938,2.75193081051982,0.811410511491651,0.0264543647054126,1.04502802369954,0.476384495788075,,1.81,1.939,1.987,1.834,1.749,2.566,2.229,2.482,2.235,2.437,486517486.302296,1859188732.28442,1701002327.73208,1729819688.96302,6490967477.64928,-6216383035.6257,5627109107.21202,3201313125.7297,1643374735.44528,,18890787008.0417,19491696000.0,20169663000.0,20281241000.0,22214954000.0,25144935000.0,26664872000.0,25970915000.0,27770639000.0,29391736000.0
MAF,St. Martin (French part),,,,,652206037.103874,,649206262.847519,,,,37369.0,37175.0,36837.0,36012.0,34267.0,31786.0,29961.0,28870.0,27515.0,,1.0,5.0,-8.00000324038295,-7.99999506898229,6.50000363700821,-12.500002246731,4.89999967133534,,,,,,,,,,,,,,,,,,,,,,,,,,,,,,,,,,,,,,,,,,,
MAR,Morocco,110413823841.592,111572947004.917,118540573367.844,127341147581.818,128920266409.458,121353645057.144,142022058447.231,130951926351.241,144417103249.646,,34607588.0,35023457.0,35446392.0,35839760.0,36210898.0,36584208.0,36954442.0,37329064.0,37712505.0,,4.34458297635238,0.52118550608968,5.05789816173446,3.06564133025955,2.89097476137077,-7.17820744246774,8.15473889823681,1.52720357976111,3.40334130078834,,1.5579071134626,1.63531114327064,0.754663249323619,1.80391671141896,0.303386036590383,0.705968661338261,1.40195883962006,6.65704202759067,6.09114152504141,0.985256592004507,9.46,9.3,9.223,9.271,9.194,11.223,10.576,9.494,9.044,8.943,3252913902.35666,2153363904.93515,2680109856.21237,3544387229.27822,1720825003.13095,1418713118.61153,2264148625.4107,2294356059.17334,1095981205.98255,,22749566243.6606,25096263443.799,26189585939.2967,24461023093.2087,26412762236.8499,35997639773.4544,35648269520.1527,32314245660.4383,36327701787.7523,35268648790.1703
MCO,Monaco,6264756528.37691,6471290793.55029,6430254652.58934,7184333936.01355,7383496254.23721,6730736282.78961,8623242743.29564,8800430486.17137,9995350547.12166,,36757.0,37276.0,37678.0,38154.0,38109.0,38050.0,38527.0,38931.0,38956.0,,4.91037176536236,3.00844358752744,-3.20618323813213,5.69790121192926,7.12088951975396,-13.2391048292108,22.2322155851208,11.0469394271752,5.04338259195359,,,,,,,,,,,,,,,,,,,,,,,,,,,,,,,,,,,,,,,,,
MDA,Moldova,7797667196.73087,7980917075.7748,9514404016.20949,11252353420.8798,11736797054.6965,11530746234.4492,13691869264.0794,14510490660.2516,16539436547.295,,2835978.0,2803186.0,2755189.0,2707203.0,2664224.0,2635130.0,2595809.0,2528654.0,2457783.0,,-0.338235622387202,4.64601436259409,4.17561205106279,4.07559546585034,3.5523140853476,-8.27597831976949,13.9299997889786,-5.01548231924089,0.78324270969388,,9.67624033101868,6.35930898037931,6.57022997455604,3.04505397337058,4.83778351428722,3.76597122245358,5.10641129002836,28.7372976766236,13.41701043813,4.67773516007048,1.742,1.557,1.586,1.196,1.466,1.186,0.785,0.897,1.555,1.434,225870000.0,87440000.0,149520000.0,309640000.0,521370000.0,155720000.0,386120000.0,586020000.0,357200000.0,,1756772270.0972,2205927462.61469,2803268841.80309,2995238116.31008,3059660617.37019,3783579237.84116,3901933744.98529,4474190590.35256,5453111013.53607,5477297216.65188
MDG,Madagascar,11323020701.3017,11848613858.442,13176313593.5509,13760033282.2925,14104664678.5063,13051441203.9474,14554754116.5427,15134700203.0497,15790113246.7478,,25426702.0,26099952.0,26788375.0,27494926.0,28219554.0,28953556.0,29691083.0,30437261.0,31195932.0,,3.13229807490305,3.99314606199499,3.93330759462793,3.19435651744398,4.41123212909589,-7.13767162064489,5.73961573854336,3.99999999869678,3.80000000009488,,7.40419174202129,6.03575858154679,8.60905075422949,8.59422958870476,5.61051441492365,4.20179312190557,5.81225118787715,8.16059031991844,9.87432675044888,,1.785,1.947,2.119,2.297,2.469,3.284,3.487,3.186,3.069,3.012,328059305.56932,540842779.829334,464856589.648809,612036371.422122,474311425.432437,358467141.414302,357536665.264704,467848664.235502,414540970.0,,832008813.363757,1183690792.01019,1600175022.31326,1739588290.28962,1693147648.47775,1980766598.34546,2334564597.58187,2159914363.96649,2631980575.49645,2784591092.62259
MDV,Maldives,4129505319.12921,4409942623.85538,4816426256.52914,5404344162.69888,5726094799.37709,3712604583.36665,5252457369.55218,6177118113.94637,6590894301.9579,,428154.0,443308.0,458287.0,473099.0,487731.0,502118.0,516154.0,524106.0,525994.0,,3.97171570327362,6.57223606622583,7.05453901381581,8.66800624215867,7.29833574515027,-32.9088287752921,37.507870124321,13.8260895184139,4.72639189000989,,0.953206658777607,0.502509413611612,2.81747338234509,-0.133373386117595,0.220029731065383,-1.36977425569811,0.543149688737013,2.33314337624567,2.92746542425035,1.39979779674928,6.604,5.771,5.401,4.95,4.562,5.434,5.024,4.419,4.241,4.636,297975993.392527,456639057.30469,457808313.566538,575658028.152192,961037565.723003,440711709.435094,642830713.618008,731709063.613552,766835023.508003,,563873734.60286,467323386.048191,587346816.807916,712157733.781107,753496279.806938,984930745.339245,805808189.424559,832094352.898169,590522550.56534,673203408.793829
MEA,Middle East & North Africa,3202944332228.42,3236195108878.52,3375978495033.31,3608662545371.1,3598454815841.46,3207935509914.13,3807870128264.03,4475708600082.35,4320566779119.19,,443111159.0,452184895.0,459925735.0,466691130.0,474057593.0,482334398.0,488100624.0,498070255.0,508311359.0,,2.56181426388753,4.35195749116919,1.97709847912158,2.26848467980449,1.26151164569379,-3.41768958806571,4.80255097495157,5.63441268961842,1.97724704424243,,1.6859921764201,2.37271603075831,1.7779598569332,1.94579304594437,1.04883403678997,0.705968661338261,2.30446565742003,4.99527553740761,4.22535211267609,,10.6419856021044,10.6970069360405,10.8782866566393,10.5036929963006,9.86675350055065,10.6169996140398,10.2348915008261,9.59898977494279,9.12057231205856,9.05183702863273,35825979330.2407,63553001555.1658,92871451654.1877,137481710734.362,85272277149.8967,84022762040.7022,172613296572.868,123436221070.156,125395885388.155,,,,,,,,,,,
MEX,Mexico,1213294467716.88,1112233497452.7,1190721475906.0,1256300182879.73,1304106203694.81,1121064767261.88,1316569466932.59,1464312692331.58,1789114434843.46,,121072306.0,122251351.0,123400057.0,124573711.0,125762982.0,126799054.0,127648148.0,128613117.0,129739759.0,,2.70232342550646,1.77249323845399,1.87172853327193,1.97208210249194,-0.392690521579212,-8.3540345574586,6.04848344290505,3.68911109348025,3.19998116598492,,2.72064064964023,2.8217078474766,6.04145724018986,4.89935015356551,3.63596142127046,3.39683415570006,5.68920847683753,7.8962761916855,5.52796087314389,4.72225588452932,4.311,3.853,3.419,3.275,3.477,4.44,4.019,3.256,2.765,2.711,36249951781.0,38899515576.0,33114781921.0,37857190609.0,29946364954.0,31527700047.0,35419710934.0,39123758094.0,30213854856.0,,177596632552.624,177973637254.61,175469669183.544,176390278595.584,183056094117.556,199069188921.046,207799490381.042,201118689946.087,214316827085.02,221944176977.812
MHL,Marshall Islands,183700000.0,201800000.0,213700000.0,220000000.0,232900000.0,241800000.0,258900000.0,253400000.0,259300000.0,,48800.0,47709.0,46529.0,45285.0,44007.0,42706.0,41367.0,40077.0,38827.0,,1.88574597892401,2.5040827436037,3.55815188528943,5.48717948717949,10.4521147301896,-2.77288732394366,1.22227252150293,-1.11806797853311,-3.93487109905021,,,,,,,,,,,,,,,,,,,,,,-5393638.49927042,-3055847.4488757,5835497.47968519,9752051.36249508,5164920.15605116,3045061.11336896,499428.443349172,2573910.0,2039470.0,,,,,,,,,,,
MIC,Middle income,24920281496336.6,25211666179811.9,27582983999112.0,29369986143573.0,30047537869971.5,29078432184056.6,34301140512398.2,35917683987563.7,36878123654872.8,,5457879432.5,5521012953.5,5584206934.5,5645348919.5,5703863074.0,5758609133.5,5807623372.0,5851866150.5,5896643239.0,,4.81094585805396,4.80656522940698,5.37740047638924,5.01478068590302,4.06987141077198,-1.1414585148986,7.41677443421602,3.81741392568371,4.64482706320206,,3.15783117980923,2.72461223295289,3.39697584895255,3.24056932930569,2.67599202639893,2.65664643301124,4.08852737513983,8.27328940087841,6.0752438457966,,5.95785948844532,6.03867353190608,6.08241674326591,6.03767380152027,5.89092200068711,6.74459124688732,6.24057366273373,5.49003888963743,5.07451236816572,5.0401121620372,585417918531.722,506218857877.588,502160945322.633,581332466403.637,517051502058.904,510483916900.748,711445868588.584,573890336361.115,376529409588.368,,,,,,,,,,,
MKD,North Macedonia,10064519962.5655,10672467073.2873,11307067069.6658,12683068114.2388,12606338448.547,12361036913.8409,14000283827.0154,13932436550.0883,15763621848.115,,1912430.0,1906313.0,1898657.0,1889051.0,1876262.0,1856124.0,1837114.0,1831712.0,1827816.0,,3.85586514041738,2.84820519363306,1.08177273813243,2.88059670964267,3.91041953840173,-4.68845000956652,4.51067949038222,2.75888415332967,2.07274977880975,,-0.299920475631552,-0.23929078768441,1.35161889677442,1.45831298507117,0.766439573459716,1.20007348888487,3.23074912132919,14.2047173195833,9.36187249769016,3.48974086026947,26.395,24.312,22.857,21.208,17.414,16.575,15.801,14.476,13.174,13.417,296604200.381223,549371101.55116,380738977.544776,648732424.984647,549500829.87779,7693779.7036069,696255528.136466,854152514.519015,641500343.167691,,2470701359.60007,2751929520.8021,2801853318.34827,3284003546.93106,3650514750.41521,4126254083.78,4129287737.28112,4120124979.25763,5014981540.03403,4673715191.05135
MLI,Mali,13104764378.326,14026048335.7047,15365713048.1993,17070867589.9055,17280250810.0321,17465392764.3706,19309463508.0377,18780322203.7584,20661794596.0873,,18593022.0,19191289.0,19813011.0,20442030.0,21068405.0,21713836.0,22388630.0,23072640.0,23769127.0,,6.17180002424978,5.85229919941415,5.30545608438166,4.74648432724561,4.75616080770808,-1.235450447077,3.05261356942125,3.47495171106735,4.65677599093294,,1.45069057605961,-1.79964707083386,1.75985742927156,0.299546507387934,-1.65826694846365,0.438088940320668,3.92560283104276,9.62147608489072,2.05880228274214,3.20639864099652,1.401,1.367,1.494,1.62,3.29,3.528,3.966,2.387,2.956,3.06,275525536.040377,356476591.902583,560747464.368765,467295391.07784,859091549.188966,536851812.897275,639944165.358959,715469994.852307,702559730.160354,,,,,,,,,,,
MLT,Malta,11340795041.8065,12025782834.3596,14161366723.6779,16153779511.1559,16337793530.7788,16385919535.6742,19718565605.433,19209979975.2323,22328640241.5553,,445053.0,455356.0,467999.0,484630.0,504062.0,515332.0,518536.0,531511.0,552747.0,,9.62109756228348,4.07771929481284,12.972119343498,7.18909653691901,4.08470602847339,-3.47468750932252,13.4603051960595,4.14788281601133,7.49851245937869,,1.10054826378929,0.642702771527304,1.36435448150708,1.15782362451517,1.6420600176894,0.638544956776712,1.49789217934724,6.15375621933037,5.09396758978883,,5.389,4.687,4.002,3.658,3.616,4.347,3.394,2.921,3.11,2.703,3640705146.70853,2776034107.56,42459309426.166,73050789630.2723,32381439863.0004,31484121888.7382,85551145633.207,24257553510.7974,25147936924.7083,,571697422.679452,677039187.752481,832991850.762179,1024613729.12179,937615561.122226,930464309.381045,1149326794.25072,1199148720.77094,1222820471.48281,1401984071.81291
MMR,Myanmar,59607290407.5944,63298361996.2153,66053040483.0016,67860515989.517,75065106227.6892,79006113643.1906,66345291160.1683,62253049891.6449,66757619000.0,,51089056.0,51495696.0,51894938.0,52272247.0,52640713.0,53016522.0,53387102.0,53756787.0,54133798.0,,6.99284029025125,5.86247291517364,6.13610824360305,6.26886221471075,6.57911006765414,-9.04834717984643,-12.0163724829117,4.03749343593624,0.958446625192025,,9.45417189526018,6.92882525816076,4.5725365531752,6.87232865662935,8.82506696804558,,,,,,0.766,1.058,1.356,0.767,0.407,1.476,4.34,3.057,3.032,3.032,4083839111.71186,3278096409.87385,4804272487.31986,1768195522.55912,1735589412.93376,1907154040.0,2066606470.0,1238500000.0,1520172000.0,,4598610942.14029,4886384703.75254,5213962530.80223,5646407387.45813,5824261144.05248,7670070785.09329,9103432838.71698,8181951380.6341,9337819633.15963,
MNA,Middle East & North Africa (excluding high income),1461561543238.17,1497802787590.82,1499230386761.12,1490670888640.86,1480176106051.1,1328872852321.83,1552753180082.25,1741921040109.65,1671174615296.29,,384230039.0,390998434.0,397804712.0,404775501.0,411833977.0,418461302.0,424980589.0,432229148.0,440118189.0,,0.493359680895537,5.40357896129444,3.12170510240901,1.81527519131619,0.905110665668957,-3.22041769145842,4.33306389069034,4.10601453287201,3.15107695991034,,2.9976391933388,3.18390573061568,4.81510028934517,4.36615064471282,2.47857885221637,1.7774078380617,5.21404940513043,6.65704202759067,6.09114152504141,,12.4017308339049,12.556017297494,12.7533116885525,12.2901292184688,11.5250546310595,12.1031227262636,11.7584549541875,11.1820203083755,10.8670875152924,10.8587476656264,9079539616.72387,13654011663.6504,16747748258.0288,15342618623.0511,13931545055.8381,10125557969.563,9935600494.57598,16958352589.0727,10677308438.6254,,,,,,,,,,,
MNE,Montenegro,4054730077.57718,4376930578.32395,4856599480.79882,5506942238.35668,5542054181.12616,4769996866.00758,5861427505.12493,6229801580.79157,7530593375.22034,,622159.0,622303.0,622373.0,622227.0,622028.0,621306.0,619211.0,617213.0,616177.0,,3.39038139712073,2.94928032097511,4.71646527572034,5.0778888113381,4.06294499167197,-15.3068937570407,13.0434642521552,6.40668032879275,6.33769754243548,,1.54869158222486,-0.271385023385176,2.3802359905313,2.611223782638,0.361563704540767,-0.255655699848551,2.41080198403165,13.0403036347004,8.58476910455403,3.33675009282281,17.555,17.732,16.082,15.19,15.128,17.878,16.543,14.851,14.621,14.1,699855695.331558,226702405.905001,560665419.031982,485653127.823429,417589860.078767,530903011.481089,693740795.71383,872558550.293815,525868956.944273,,681847411.617033,793654021.992476,1015962460.25023,1202486372.13988,1529177036.35033,2134820419.92713,1981678244.50269,2040827973.50695,1573580964.08645,1741494536.63686
MNG,Mongolia,11619892590.6941,11181350649.3573,11480847740.736,13178094720.4986,14206359017.5143,13312981429.0891,15286441737.6686,17146471713.748,20325121393.9074,,3026864.0,3088856.0,3148917.0,3208189.0,3267673.0,3327204.0,3383741.0,3433748.0,3481145.0,,2.37983580731722,1.48978448679577,5.63687638694772,7.74488062024881,5.60224422064255,-4.55775197583431,1.63676957736662,5.0327096366527,7.4221127615025,,5.7356828193832,0.733272227314397,4.30143105302342,6.82424790145522,7.30106953550723,3.79604026111247,7.35281243380219,15.1479560897226,10.3475831314339,6.80284899332961,4.861,7.235,6.359,5.377,9.269,6.594,7.747,6.211,5.503,5.424,94319767.4741563,-4156404703.77687,1494350363.46922,1951528195.81853,2443343095.41815,1719115941.52003,2173385309.77256,2504294749.65086,2247573669.8872,,1322495172.72512,1304052963.0909,3016698322.08149,3549666961.87949,4363699115.81581,4545276809.36506,4380126028.64883,3398458522.32196,4915514836.40429,4891417144.52037
MNP,Northern Mariana Islands,910000000.0,1230000000.0,1560000000.0,1301000000.0,1179000000.0,866000000.0,914000000.0,1096000000.0,,,51514.0,50773.0,49959.0,49077.0,48129.0,47528.0,46979.0,46078.0,45143.0,,3.38345864661653,29.2121212121212,23.1707317073171,-19.4973343488195,-11.4474929044465,-29.0598290598291,4.96987951807229,16.6427546628408,,,,,,,,,,,,,,,,,,,,,,,,,,,,,,,,,,,,,,,,,,
MOZ,Mozambique,16208985769.615,12069051237.1711,13264640645.7768,15017358952.8452,15512759046.672,14235420174.1884,16168055475.4449,18883528581.3734,20954220983.5473,,26547572.0,27337105.0,28166393.0,29018644.0,29884380.0,30783688.0,31707800.0,32656246.0,33635160.0,,7.3930936986377,4.69699024225795,2.63820737310658,3.48493202422782,2.31781394821475,-1.21952250011192,2.37743572761507,4.36445074535436,5.43685912188634,,3.55075967356746,17.4180418197597,15.1132073899384,3.91133439990729,2.80270307928111,3.48393567493204,6.40847652975692,10.2794018093421,7.12697482131851,,3.426,3.457,3.539,3.604,3.646,3.921,4.053,3.596,3.519,3.527,3868353884.95,3128149928.7,2319071971.47682,1678061191.83106,3379329136.13929,3187942207.14962,5295396105.25416,3022175565.23802,2683506270.92075,,2581229792.39729,2046671563.87338,3361224769.14469,3105757331.8387,3889883054.9102,4075392951.36618,3780829521.56119,2938739967.66209,3637000551.83482,3512608803.67818
MRT,Mauritania,6166863896.68677,6398747592.13185,6800135898.28827,7473550557.07378,7894764885.82312,8260752385.23089,9222536364.01272,9557966698.25369,10651709411.4594,,3965959.0,4086657.0,4210600.0,4337685.0,4467708.0,4600131.0,4734874.0,4875637.0,5022441.0,,5.37633924099251,1.26090923067225,6.27054566937677,4.77217365692621,3.14100489306969,-0.360657384151068,0.742715395138262,6.79600510182286,6.50718719858594,,3.25472688117631,1.47171045650004,2.25427651934813,3.06735996058356,2.30009262117937,2.3856948845632,3.56516484650185,9.52526628622843,4.95305034506872,,10.108,10.283,10.336,10.407,10.416,11.054,11.144,10.531,10.446,10.373,501726765.733819,271134844.997291,588217194.758539,772890480.0,-883561115.825519,927916265.774285,1070252545.01958,1401620461.82274,848351729.722353,,822269358.346095,848467104.487379,873822720.854328,934291833.830821,1028702420.51919,1493184646.02741,2038562789.40175,,,
MUS,Mauritius,12007291045.6489,12594155464.4136,13713506130.6081,14735695930.9727,14436346979.6355,11408106446.3144,11484348857.8529,12927979286.0453,14644524819.0054,,1262879.0,1263747.0,1264887.0,1265577.0,1265985.0,1266014.0,1266334.0,1262523.0,1261041.0,,3.69055690369433,3.8624682634,3.93798380632353,4.00674057198549,2.89128499346516,-14.5465381490166,3.40379866177662,8.87988519700977,6.95828740328457,,1.28654970760232,0.977675134719049,3.66699702675908,3.21605383144587,0.405655190309553,2.58080077182822,4.02852888157383,10.7737512242899,7.05298238454735,4.10263226568006,7.41,6.814,6.752,6.426,6.331,8.626,7.719,6.322,5.571,5.476,216455190.0,378764430.0,479995890.0,460511370.0,444077760.0,224668080.0,253189250.0,579773450.0,759821260.0,,4259691508.3633,4962069842.12085,5984338261.63058,6353096296.20215,7362471785.78251,7291065336.38291,8562656039.81864,7792807407.92421,7247890260.49611,7464581565.10038
MWI,Malawi,9219474379.31534,7909868618.46366,8943543793.5839,9879231591.52434,11051865579.8121,11769313597.8545,12378129750.9872,12429060150.742,12712150082.0792,,17085587.0,17557739.0,18039715.0,18528081.0,19025752.0,19533888.0,20047258.0,20568728.0,21104482.0,,2.80000000125513,2.49999999902064,4.00000000038216,4.35356471619211,5.71682519194337,0.793596429787286,4.55829212016083,0.921115069005936,1.89245798756383,,21.8673475542553,21.7111132136499,11.5433939188771,12.420178108921,9.3708360560567,8.62551469650552,9.33014410835212,20.953969729969,28.7897428247298,32.1796504225025,4.954,5.007,5.039,5.014,4.966,5.728,5.662,5.037,5.033,5.045,287746689.246669,115700000.0,90200000.0,77012306.002161,55227831.6285934,252179040.150445,129497084.50488,198726519.122695,203252807.529971,,681580478.271052,610774217.598916,768401046.225973,766154761.931253,846839844.266183,594498493.623211,,,,
MYS,Malaysia,301355266964.947,301256033870.334,319109094160.343,358788845712.53,365177721021.516,337456163961.211,373784823672.946,407605841348.235,399705169318.477,,31232798.0,31789685.0,32355644.0,32910967.0,33440596.0,33889558.0,34282399.0,34695493.0,35126298.0,,5.09153242155011,4.44978139761541,5.81272240983328,4.84308697634881,4.41318742129586,-5.45684658426701,3.31534954399166,8.86182187578046,3.55548715410509,,2.10438980238359,2.09056659525742,3.87120115774237,0.884709160571235,0.662891865764326,-1.1387021539305,2.47710241465447,3.37869862549928,2.48886560125754,1.834100204499,3.1,3.44,3.41,3.3,3.26,4.54,4.64,3.93,3.869,3.826,9857162111.82329,13470089920.807,9368469822.66146,8304480741.65267,9154921685.03934,4058769678.64231,20245157326.8024,15027992710.6145,7918601050.23636,,95282342267.7486,94481267074.1533,102446599680.702,101452531755.37,103629721168.985,107643865229.363,116915867599.997,114658812345.11,113462632023.729,112967830257.758
NAC,North America,19858182357217.1,20339807652907.4,21268509960244.1,22389071169783.0,23291130648672.5,23016676877000.2,25695929788464.2,28176204349422.0,29871321614401.4,,356506956.0,359246007.0,361730781.0,363974650.0,366012555.0,369619953.0,370353489.0,372275216.0,375077354.0,,2.76110455782432,1.75741359164776,2.50284496204726,2.9478931401449,2.53036559250459,-2.38761318437987,5.99687628753878,2.61158592059087,2.7623120819851,,0.621934248247611,1.34517137635811,1.86349706609469,2.3554044847046,1.88073954968807,0.975292014307058,4.04652602445635,7.40280048696867,3.99766999081457,,5.46118094681104,5.10423603490588,4.58063287231783,4.10818783801368,3.89170553373765,8.23062385811362,5.59214283036202,3.83340806531303,3.84181538522376,4.37576495826356,571277113850.953,508516658366.975,405892691729.5,257414178420.097,364930690588.745,166665529963.05,536044365803.76,459221847556.019,391016682120.372,,,,,,,,,,,
NAM,Namibia,11335161083.5061,10722018732.0936,12895153370.9132,13682019076.4022,12541928303.48,10583748541.5258,12402486183.6396,12567271004.6761,12351025066.9131,,2374300.0,2439213.0,2506853.0,2577327.0,2650494.0,2728762.0,2810548.0,2889662.0,2963095.0,,4.26417453763675,0.0337944502063294,-1.02724808856709,1.05993949860752,-0.839152163419357,-8.10140201443319,3.60382919248703,5.34966408559102,4.159985754998,,3.39401538410559,6.72858234593338,6.14579981111164,4.29159105337875,3.72239414422695,2.20938236933469,3.61690530108814,6.08128114112413,5.87993463284275,4.23903922877036,20.808,23.352,21.733,19.877,19.921,21.004,20.922,19.695,19.365,19.148,838879062.71593,358727049.605925,280476974.998847,234372724.533504,-176478261.583527,-150172760.720263,840286915.80155,1056043502.65038,2294376188.51043,,1688180787.14781,1833673822.03675,2432221196.06343,2149813974.088,2049134995.15919,2171055563.07623,2763919782.17433,2803462864.6202,2956284637.81427,3355524014.61227
NCL,New Caledonia,8738203074.3957,8724568954.89799,9174048681.98577,9896402283.68587,9475655324.59495,9454629467.91408,10071349663.8484,9623318718.31459,,,283168.0,283423.0,283546.0,283541.0,283606.0,284176.0,285214.0,287123.0,289870.0,,,,,3.99570728203879,-1.40000000198451,-2.40000000064407,-2.09999999762849,3.49999999631376,,,0.570508141048402,0.578317435520754,,,,,,,,,13.637,12.714,11.676,11.702,10.88,13.558,11.54,10.71,10.939,11.15,1203895440.08717,809821138.3806,488663210.0,345295370.0,723480360.0,571728130.0,793713550.0,696307350.0,687249680.0,,,,,,,,,,,
NER,Niger,9683867926.44282,10398861981.7583,11185104251.6943,12837307496.8821,12889555561.2299,13744653103.058,14915002436.069,15433852712.2963,16819170420.5653,,19939498.0,20685753.0,21435446.0,22188069.0,22947757.0,23717613.0,24502140.0,25311973.0,26159867.0,,4.39264883207291,5.74089315058157,5.00536078615544,7.21141802762897,5.93985257123522,3.55064109436891,1.38359636198477,11.9000000000277,2.49999999999999,,-0.576090369833189,1.65388922387806,2.79637318871284,2.96760366004456,-2.48979265070855,2.8981937602627,3.8378680284051,4.22621791916392,3.70097316425834,9.07151997725013,0.553,0.548,0.554,0.535,0.531,0.594,0.78,0.418,0.425,0.355,529476871.090612,301332480.592526,338710710.13916,466042272.996923,717147639.398696,360653574.571153,594829131.824509,965975261.178016,1025552444.43008,,,,,,,,,,,
NGA,Nigeria,493026682800.63,404649125252.16,375745731053.427,421739251509.08,474517490844.461,432198898467.795,440833635873.827,477403400101.174,363846332834.618,,190671878.0,195443700.0,200254579.0,204938755.0,209485641.0,213996181.0,218529286.0,223150896.0,227882945.0,,2.65269329543003,-1.61686894906529,0.80588661910221,1.92275734200651,2.20842927714881,-1.79425308274458,3.64718654072446,3.25168140827093,2.86021499108364,,9.00943498007699,15.6968126387972,16.5022662139641,12.0951065173432,11.3964223378115,13.2460234276597,16.9528457221608,18.8471877843274,24.6595502031139,,4.135,4.499,4.828,5.067,5.206,5.742,5.45,3.821,3.074,2.989,3064168904.45333,3453258407.9848,2412974916.23264,775247400.003029,2305099811.70358,2385277665.91608,3313210000.0,-186792428.930928,1872520530.04695,,29011450144.31,28020197619.3379,40499220796.3652,42838869124.791,38335890478.7729,36729565817.615,40476363167.0316,35563949955.4969,32034797236.9329,38612493466.5986
NIC,Nicaragua,12756685550.3389,13286101094.3863,13785924216.2724,13025234820.8225,12699028889.666,12681569254.2815,14144060853.1362,15649897116.8965,17829218219.3591,,6149417.0,6232666.0,6316231.0,6400080.0,6483657.0,6565267.0,6644741.0,6730654.0,6823613.0,,4.79144081994679,4.56295442923394,4.63253398090997,-3.36368764606334,-2.89702791954369,-1.75595289214087,10.3160912841791,3.75228475736668,4.56922317096145,,3.99737996694396,3.52317317628473,3.85067166284727,4.94723728039886,5.37628990844126,3.68181341625572,4.92841396948968,10.4674244465991,8.38765854872536,4.62473841057141,4.7,3.9,3.3,5.2,5.472,6.201,6.118,4.961,4.716,4.574,967000000.0,989100000.0,1035400000.0,837600000.0,503000000.0,746500000.0,1220100000.0,1293800000.0,1230100000.0,,2492262791.93881,2447771381.81086,2757785586.66498,2261143360.12993,2397444668.92872,3211903361.95717,4046556203.71439,4404430742.32312,5446998877.80189,6104867094.0143
NLD,Netherlands,775743675302.734,797163949289.885,848233537845.884,929733599796.862,928903005576.469,932560861701.17,1054472123449.6,1046540797548.64,1154361305398.06,,16939923.0,17030314.0,17131296.0,17231624.0,17344874.0,17441500.0,17533044.0,17700982.0,17877117.0,,2.12060522421717,2.42428576536633,2.7815460987956,2.25874039624952,2.30009159476197,-3.86795339323423,6.27683073230526,5.00723459045037,0.0745607216494903,,0.600248147278776,0.316666666666743,1.38145871407206,1.7034979474447,2.63369910249601,1.27246037789161,2.67572008805385,10.0012078753473,3.83839354342808,3.34754304219953,6.872,6.007,4.837,3.832,3.379,3.82,4.209,3.526,3.537,3.599,376243899818.588,275561931218.43,199506158819.428,-286149009225.351,-127018529907.983,-221105619976.868,-115499072847.913,15562510629.6689,-309007494869.332,,38213751383.3571,35905772878.2734,38421990800.0802,38431677254.824,43320049622.8042,53971404675.3332,64469433091.37,63352655591.2206,69829689143.2849,27753363986.1887
NOR,Norway,388159512245.53,370956547619.048,401745275035.261,439788625883.8,408742840909.091,367633418886.627,503367986030.268,593726965415.619,485310823603.662,,5188607.0,5234519.0,5276968.0,5311916.0,5347896.0,5379475.0,5408320.0,5457127.0,5519594.0,,1.85733972643303,1.16472423497285,2.46374628510146,0.828900664137592,1.12377787436797,-1.2781717845226,3.90868677689417,3.00563516076298,0.479647246011822,,2.17113665389527,3.54999999999998,1.87510059552554,2.76483134528788,2.16773003305402,1.28658490708005,3.48388055266678,5.76412317852272,5.51784987104659,3.14530134431073,4.296,4.68,4.164,3.801,3.684,4.424,4.359,3.231,3.572,3.97,7274086872.47209,-18668572814.4237,5900604723.78859,-5664319361.82196,16329824317.677,-3281320956.65564,18355008694.1957,14278134699.4272,11712070644.783,,57455936481.5608,60445172369.6599,65923863904.4306,63145471060.2407,66946037549.8517,75258813465.0281,84270941751.0846,72077375478.9291,80459096008.3425,81241559661.5009
NPL,Nepal,24360801286.7638,24524109483.5293,28971588940.364,33111525237.149,34186180699.0255,33433659301.2466,36924841394.2605,41182939600.67,40908073366.8455,,27823629.0,27955462.0,28011258.0,28079689.0,28414064.0,28966574.0,29475010.0,29715436.0,29694614.0,,3.97605327162971,0.433113719381524,8.97727935643466,7.62237610397935,6.65705543110467,-2.3696206292072,4.838149614115,5.63131455871746,1.95254463264347,,7.86890895590899,8.79034332004633,3.62709610696607,4.0611633875107,5.56868547784929,5.05236655289212,4.14968003360264,7.6507917679853,7.11475951738199,,10.644,10.742,10.66,10.559,10.389,12.975,12.186,10.844,10.628,10.706,51895699.9282915,105996375.590659,196265098.563575,68261793.9439986,185563265.634425,126626337.460302,196326024.03483,66059660.9475711,74821496.037077,,8145463907.87798,8734510298.83136,9435255966.98232,8335473017.41812,8713166195.10835,11467799301.6084,9638842483.90472,9319150273.48101,12456122668.8948,
NRU,Nauru,84383388.6448573,97276023.0784346,108862278.516511,130937589.753517,124871111.377973,124530027.301054,175513984.500084,156803087.302496,154170289.321861,,10954.0,11150.0,11324.0,11477.0,11587.0,11643.0,11709.0,11801.0,11875.0,,2.69801727367511,4.36324053905588,-6.01122998653516,-1.21912201456978,8.48673659193109,1.98181949377276,7.20659466591439,3.02263627499464,0.590699675931191,,,,,,,,,,,,,,,,,,,,,,,,,,,,,,,,,,,,,,,,,
NZL,New Zealand,178104220784.881,188898209220.167,206566916732.292,211846555690.736,212846907683.439,212697530897.56,253644079784.977,246733522841.353,252175506110.168,,4609400.0,4714100.0,4813600.0,4900600.0,4979200.0,5090200.0,5111300.0,5117200.0,5223100.0,,3.73403577291154,3.74831145236631,3.39728250444887,3.49949703045593,2.36196217785604,-0.424906457573115,4.54624763852878,2.7748426484212,0.733302171674978,,0.292704628136101,0.646240284454524,1.85078767452536,1.59829703801696,1.61963190184048,1.71456170007245,3.94112060778728,7.17222476016441,5.73316283034957,2.92279782301957,5.415,5.147,4.736,4.335,4.109,4.595,3.776,3.297,3.729,4.869,-73372796.4211776,2008111275.18134,2390035935.47737,2516488849.6393,2915754514.32092,4135119591.14727,4539913924.62292,8340194362.34964,3592037225.12847,,14699798262.9867,17808384489.6379,20683740690.7906,17656593019.6171,17813501891.014,13733288688.8516,16113750239.6804,14399554617.1628,15487380827.5418,22065156553.5373
OED,OECD members,47636457096446.7,48559828241457.4,50712039895145.1,53631765536033.4,54179480252802.3,53000805354035.6,59169601457959.2,60691333186116.5,64746562052056.7,,1331189869.0,1339441048.0,1347317014.0,1355260023.0,1362497757.0,1370013876.0,1371769252.0,1378506989.0,1385723403.0,,2.51831239805283,1.84195029329175,2.5709190762673,2.33728298693248,1.85823075074944,-3.89788253957686,5.92118433083404,3.03275924022807,1.82098706342816,,0.338705695410167,0.443258157565783,1.82264336059063,1.93246812286359,1.74071267870181,0.73285164517586,2.81528854435832,8.23803240697186,5.67767862615429,,6.85865110620312,6.43577834443714,5.91905932855463,5.47945204421387,5.39053209806899,7.14864258016648,6.19286372183563,4.98675187674652,4.82832486149895,4.90575990865762,1711432007473.38,1882988029358.33,1339385248146.92,230273197287.972,1023290356559.05,480172820625.383,1173264921022.82,897958096385.193,17814749443.2148,,,,,,,,,,,
OMN,Oman,78710793237.9714,75128738621.5865,80856697009.1027,91505851755.5267,88060858257.4772,75909492847.8544,87323797139.1417,111943823146.944,108810923276.983,,4184895.0,4390877.0,4537396.0,4597877.0,4591241.0,4522497.0,4500424.0,4730226.0,5049269.0,,5.01705799719045,5.04642394571691,0.304057565922449,1.28710391543288,-1.12863801728058,-3.37972052697999,2.5821749892893,9.5771061309605,1.3104401130721,,0.0652901330286599,1.10920805807027,1.58909413567799,0.889312370970404,0.490815362820671,-0.40640291946585,1.68221185876085,2.5061425061425,0.950782997762827,,3.401,3.266,2.522,1.8,2.04,2.94,1.9,3.3,3.176,3.161,-2172431729.51886,2266070221.06632,2878543563.06892,5600780234.07022,1998179453.83615,1909492847.85436,8745643693.10793,6962808842.6528,12488946684.0052,,17543298732.7005,20261504991.421,16087970171.3202,17387546506.3455,16660777436.189,15006140748.0941,19729709613.7596,17496554658.8078,17298247786.0752,
OSS,Other small states,153632608575.652,161593008996.136,180001729452.633,197102680977.388,198507093590.896,181482110538.085,212298327078.213,228425738381.928,241086470734.391,,13091061.0,13273445.0,13487767.0,13634874.0,13761088.0,13884095.0,14040798.0,14217718.0,14411921.0,,3.26540657214065,4.06277626978311,5.13605414964343,3.92948214887483,3.84422309346814,-5.86382000874268,7.09373306348044,4.886846815691,2.90181856916189,,1.10054826378929,0.642702771527304,1.76041559180596,2.611223782638,1.10666674296063,0.622170382586049,2.4284453278932,6.57953283666412,4.66165589454067,,8.78523372997352,8.49858732832695,8.07615443502866,7.66956307053111,7.34330990802156,8.82670669777015,8.36606234826282,7.76505567159181,7.41013147956156,7.38410736088717,33300727465.6786,7547259467.44403,83266393986.108,157171205010.507,151675857705.374,-38754295687.1031,101849421959.844,47999024974.634,37958292884.3479,,,,,,,,,,,
PAK,Pakistan,299963590534.773,313630000130.435,339205534861.1,356128166704.921,320909472770.669,300425609817.981,348516647445.148,374890295666.694,337912301397.727,,217290883.0,220138869.0,223273967.0,226928892.0,230800899.0,235001746.0,239477801.0,243700667.0,247504495.0,,4.21794209572506,6.57383828511043,4.43262590683975,6.15170261099519,2.49763692943365,-1.27408744338709,6.51388575852702,4.7781068690358,-0.0396925228069165,,2.52932817254229,3.7651191635658,4.08537368032608,5.07805725868917,10.5783618004555,9.73999313898155,9.49621056124947,19.8738599646655,30.7681280657005,12.6325318530452,3.566,2.285,3.215,4.083,4.83,6.127,6.338,5.485,5.408,5.472,1673000000.0,2576000000.0,2496000000.0,1737000000.0,2234000000.0,2057000000.0,2147000000.0,1462000000.0,2048000000.0,2568000000.0,20027864211.2597,22027605269.5237,18455861310.286,11837177725.8521,16586046186.2171,18521734363.9531,22811522857.5295,9926587077.28489,13730353485.3454,12977150809.7531
PAN,Panama,55767806100.0,59760858700.0,64327688800.0,67316471200.0,69778991200.0,57059846500.0,67396392500.0,76276116700.0,83318176900.0,,3960035.0,4029086.0,4098707.0,4167860.0,4234700.0,4293261.0,4345405.0,4400773.0,4458759.0,,5.26691719595516,4.57196707937275,5.7440594635578,3.91819807389903,3.10306788630359,-17.8212299695008,16.4671249191559,10.769665870619,7.39930155626219,,0.137492058461504,0.739734025300033,0.875585918759878,0.761578359399944,-0.355083821021245,-1.5502754080376,1.63070337301898,2.85965128834711,1.48641355277038,0.685197879812108,4.335,4.717,5.338,5.161,6.256,14.663,10.177,8.086,6.544,6.518,5119300000.0,5248354450.21,4082062468.94,5011326420.84,4192643825.95,-2488644149.7,1352608287.55,2997059850.12,2326839512.72,,3378098353.89896,3846753359.06372,2703336161.52673,2121303718.10741,3423477098.41293,9613847648.57363,8832242051.03447,6876072133.54101,6756683681.74504,6855505288.43603
PER,Peru,189802976285.619,191898104390.379,211007984080.911,222597009739.235,228346006003.648,201409694755.934,226354278280.885,246488757636.211,267603248655.253,,30457600.0,30866494.0,31324637.0,31897584.0,32449303.0,32838579.0,33155882.0,33475438.0,33845617.0,,3.25224477218451,3.95331871520767,2.51883544233135,3.969351341365,2.24063176875049,-10.9333065010382,13.3552295093079,2.72550021563363,-0.55018230632048,,3.39809194746308,3.55717663556279,2.99490045809443,1.50915423024742,2.25212191358027,2.00241205759292,4.27166381536798,8.33370630096231,6.45561348369586,2.00770739412712,3.272,3.741,3.691,3.492,3.379,7.179,5.097,3.85,4.899,4.828,7336859044.51778,6805247718.18016,7413409959.49823,5872657139.17008,4775376809.84597,663417504.946494,7142277305.62547,11201435821.3347,3918253336.82371,,61594854517.8208,61801163825.775,63819289822.9382,60333192028.0169,68440494635.2458,74961659711.1288,78589897922.7032,72328123071.4846,71394387239.6392,76337730572.0149
PHL,Philippines,306445871246.718,318627003012.52,328480736798.792,346841896583.515,376823402244.928,361751145451.597,394087359848.11,404353369604.631,437146372729.942,,105312992.0,106735719.0,108119693.0,109465287.0,110804683.0,112081264.0,113100950.0,113964338.0,114891199.0,,6.34830971539886,7.14945675286656,6.93098832521765,6.34148557098946,6.11852566118505,-9.5182947406494,5.71473313426225,7.58098212785563,5.54585117087767,,0.674192536845408,1.25369880080982,2.85318772590947,5.30934661627707,2.39206534422404,2.3931623931624,3.92718022100332,5.82115811213955,5.97802515541409,3.21260487006347,3.068,2.695,2.552,2.338,2.237,2.522,3.398,2.598,2.222,2.153,5639155961.87389,8279548274.88501,10256442398.8834,9948598823.96867,8671365873.65689,6822133290.81919,11983363327.4772,9492234668.1091,9116297668.29214,,80640411491.447,80666223156.9831,81413504334.4498,79195598849.54,89515298355.7402,109990274218.874,108754857244.204,96040188240.9305,103742233308.668,95250799159.3788
PLW,Palau,278824781.25,298323500.0,285600000.0,288546281.25,281941562.5,258990843.75,235752906.25,255591062.5,281849062.5,,17770.0,17797.0,17812.0,17814.0,17798.0,17792.0,17783.0,17759.0,17727.0,,8.20000000000032,-0.440000000000111,-3.25999999999986,0.110000000000014,0.199999999999847,-5.99942585620028,-13.7938879740177,-1.31844903330447,1.87706979817723,,0.949040643697081,-1.04230533415074,1.4179881966692,2.10970464135017,0.26737967914444,0.218181818181833,2.6124818577648,12.3526638378124,12.8199748216534,2.23172772921704,,,,,,,,,,,34583158.147185,64661000.0,47738000.0,50250000.0,44712000.0,43100000.0,31441000.0,72014000.0,47816750.0,,,,,,,,,,,
PNG,Papua New Guinea,21723437010.0982,20758876952.6232,22742699138.356,24109780708.0268,24750626040.5917,23848447849.7467,26109413522.3081,31647277767.3976,30729242919.4411,,8743246.0,8961718.0,9178714.0,9394513.0,9609010.0,9815746.0,10012896.0,10203169.0,10389635.0,,6.57835632304275,5.48957315278187,3.53461081750459,-0.279252284959952,4.4805145710407,-3.16743204087665,-0.511353444150672,5.70758411822096,3.03570475499642,,5.99595778127107,6.6737288135593,5.42204568023834,4.37448921453162,3.92867290939597,4.87167398565555,4.48359014042398,5.25323922215241,2.29869991296791,0.602403921107917,2.503,2.472,2.569,2.635,2.634,2.883,3.003,2.689,2.661,2.741,30027878.6317396,-39113258.47665,-179266211.514927,306641515.183539,335572154.293926,112992633.547177,-34418191.65,1193266177.1021,82576809.1398717,,1758569679.62188,1656817794.83772,1735798651.35536,2213546838.5573,2308231641.55446,2686185780.88876,3240131311.16525,3982557795.83284,3901331641.41289,
POL,Poland,480054118583.367,473259583969.643,528356676667.211,594616687350.017,602683770144.88,605914237903.742,689170230665.35,695607470875.276,809200697797.088,,37986412.0,37970087.0,37974826.0,37974750.0,37965475.0,37899070.0,36981559.0,36821749.0,36687353.0,,4.43176700264478,3.03117767594847,5.15245773325907,6.2458584723942,4.58045817256199,-2.03556882399977,6.92718266052501,5.25545697386036,0.138832754787188,,-0.87412587412577,-0.664767331433961,2.0759355367385,1.81295156542679,2.227478809383,3.37446972618589,5.05502704719272,14.4294507575758,11.5289127961105,3.7842600751287,7.475,6.141,4.867,3.835,3.267,3.155,3.268,2.811,2.743,2.472,15820000000.0,18060000000.0,12565000000.0,19908000000.0,19012000000.0,20086000000.0,37512000000.0,41780000000.0,34316000000.0,,94902630299.2186,114328539232.702,113267368075.15,116956636327.589,128392157887.295,154219192491.435,166030186476.158,166663927036.393,193783277723.378,185514883618.966
PRE,Pre-demographic dividend,1307394890871.02,1164559628316.47,1216069300642.79,1355249022128.48,1428927764664.17,1311363780282.47,1439355516489.74,1647527579588.04,1566942319113.72,,870587800.0,895239872.0,920568701.0,946317177.0,972302503.0,998624261.0,1024960313.0,1051201551.0,1078224044.0,,2.95085421945794,2.40547651394864,1.64006273934298,2.58373909014136,3.31228969727977,-2.55913195405539,3.19605415216562,4.1481629348104,2.13387325697836,,3.40274327737188,4.66466235810216,4.97595150553833,2.96760366004456,2.45280214062732,3.48393567493204,4.25936417542868,8.16059031991844,6.53322640452533,,4.93719170079883,5.02089106580963,5.28460931909098,5.35138602677923,5.42309463719319,5.96007768628016,5.82347555930522,5.002037370392,4.7006079328224,4.5643996480652,28122695877.0693,13237475772.0131,10522479063.8919,7961905572.1196,9918373420.80173,10834882542.5454,17768348277.3431,16407555778.396,20884754434.6731,,,,,,,,,,,
PRI,Puerto Rico,103375500000.0,104336700000.0,103445500000.0,100958100000.0,105126400000.0,103130900000.0,106426600000.0,113567200000.0,117902300000.0,,3473232.0,3406672.0,3325286.0,3193354.0,3193694.0,3281557.0,3262693.0,3220113.0,3205691.0,,-1.04929003238674,-1.26369434781117,-2.88521838398481,-4.36142703162535,1.67546379498209,-4.1808743093346,0.385222719529239,3.56811024720668,0.563519426800866,,,,,,,,,,,,12.0,11.8,10.8,9.2,8.3,8.89,7.9,6.0,5.725,5.472,,,,,,,,,,,,,,,,,,,,
PRK,"Korea, Dem. People's Rep.",,,,,,,,,,,25575350.0,25698326.0,25817709.0,25931147.0,26037632.0,26136312.0,26232534.0,26328845.0,26418204.0,,,,,,,,,,,,,,,,,,,,,,2.896,2.931,2.846,2.757,2.782,2.948,3.0,2.805,2.831,2.859,,,,,,,,,,,,,,,,,,,,
PRT,Portugal,199038523119.639,206305431241.638,220862990767.229,242092894542.888,240115970063.019,229618773422.577,256055879091.139,256898675068.927,289114289663.542,,10358076.0,10325452.0,10300300.0,10283822.0,10286263.0,10297081.0,10361831.0,10434332.0,10578174.0,,1.58979828893855,2.00414109360487,3.31472078233416,2.94628241620853,2.74568471619554,-8.20463206255478,5.55875752305435,6.98584193827881,2.52628110806764,,0.48793862390472,0.607397074641719,1.36861411643472,0.993715683468326,0.338178410046034,-0.0124383299575305,1.26565719069044,7.83269124233323,4.31128191898672,2.41613187791884,12.447,11.068,8.869,6.994,6.464,6.801,6.577,6.011,6.509,6.384,1264336592.67287,7350311647.43463,11088239861.7227,8390559335.10072,10814567640.9901,4165618741.23915,9239418034.41565,12828648527.8409,9733669984.95716,,19402623792.0829,24989773864.5767,26096701287.2382,24920338987.3177,25002862227.513,29459811842.7908,32535115418.1482,32231572058.7869,35243055047.801,10331816203.5072
PRY,Paraguay,36211447840.0971,36089700222.9461,38997129473.5558,40225448340.6322,37925338329.1494,35432178068.1814,39950899938.7482,41952910858.0846,42956263543.9482,,6159103.0,6249126.0,6338660.0,6427382.0,6515058.0,6603739.0,6684182.0,6760464.0,6844146.0,,2.95715173487106,4.26802583314583,4.81007885554041,3.20425034076639,-0.40185510068001,-0.819785390971916,4.01673731780312,0.176038366132886,4.71412407945468,,3.12900274473925,4.08682280577241,3.60247741348943,3.97561015740694,2.75709727562775,1.76751592356698,4.787983101236,9.76556667164402,4.63202285403356,3.83540271728533,4.556,5.255,6.138,6.217,6.595,7.548,7.311,6.755,5.794,6.093,708828254.037452,799044840.838708,606962985.461237,245729327.9071,429705945.092525,326286883.333637,358489833.841872,744590617.097817,575982132.52886,,5938523046.9591,6880868043.64371,7877536165.92124,7697884446.2912,7717366750.62534,9202411639.30502,9661226172.74015,9518826116.61083,9885683629.59266,
PSE,West Bank and Gaza,13972400000.0,15405400000.0,16128000000.0,16276600000.0,17133500000.0,15531700000.0,18109000000.0,19165500000.0,17420800000.0,,4270092.0,4367088.0,4454805.0,4569087.0,4685306.0,4803269.0,4922749.0,5043612.0,5165775.0,,3.72129967114788,8.86461881995935,1.41936756294787,1.22707737782703,1.36268746558062,-11.3184661065134,7.01198227592003,4.08276027347105,-5.41093700031979,,1.43161145810476,-0.219106604907316,0.212570934228881,-0.195107773730735,1.58018333639455,-0.735332001092191,1.23748102831369,3.74122391852077,5.87110177678988,,23.005,23.939,25.677,26.256,25.34,25.895,26.39,24.42,,,104937726.65803,296473530.843925,183950642.861711,210694555.545305,131879984.168895,79744992.3247409,353477054.949858,310825494.481581,103535363.986695,,580939642.18,312800333.67,446349334.35,537846124.64,658352116.3,697074683.28,872540971.01,896900000.0,1323200000.0,1328000000.0
PSS,Pacific island small states,9074649391.96106,9525520080.33572,10283468243.8642,10792829234.1568,10712120523.0197,9516738321.20753,9552334875.22912,10339409999.0409,11150695760.1484,,2445989.0,2477794.0,2509999.0,2542009.0,2568656.0,2595522.0,2625493.0,2656049.0,2689224.0,,3.70934753520645,3.74700305697282,4.02529091467395,2.76799607187728,1.15206564768988,-10.1440385236486,-2.6975312724781,9.14580791363177,5.40528058535874,,0.648242939254493,1.07339388853343,1.58394248575813,2.89621932270297,1.40719939417027,0.386388224517503,2.47788271992717,6.09871755232029,7.92164684826777,,3.38209145071285,3.37055657306124,3.36772015164207,3.27563360735952,3.21394324925117,3.1793712771022,3.18377728754444,3.26376412674194,3.18108550777285,3.1400708014776,338914236.751567,555999782.644424,516911103.167245,630517819.218328,449250158.315548,346639421.569577,523247798.676731,241764922.031008,241636388.851227,,,,,,,,,,,
PST,Post-demographic dividend,44758282965210.2,45784246912395.9,47755722593425.5,50598120095740.8,51134888557957.7,50140842033868.0,55828871385191.0,57066750903167.4,60485245420468.7,,1097599410.0,1102507839.0,1106644744.0,1110512190.0,1113651656.0,1117765361.0,1117015201.0,1117561802.0,1119236161.0,,2.23744235369301,1.79169183841523,2.44324253295699,2.2447495709129,1.8364017562017,-4.07874682417692,5.64037131238413,2.71061301520696,1.85688668399958,,0.36804684232536,0.607397074641719,1.73079959118887,1.7386086198818,1.61963190184048,0.632267331911715,2.50835221473776,7.87737003690613,5.09396758978883,,6.88732464298699,6.41371126806,5.85285687668993,5.29998778603629,4.94291577083014,6.72608805636322,5.80308030334844,4.51627598749287,4.46875629524005,4.63240782564285,1627933210437.49,1900269523925.98,1454066305993.05,297092558455.481,1097099031238.94,571650060727.698,1331540647784.03,1078221074910.02,355202727859.785,,,,,,,,,,,
PYF,French Polynesia,5325846361.81186,5497036476.8031,5833352692.7995,6135116253.33452,6022276196.13871,5792545870.80614,6150640646.38319,5814661208.90544,,,277866.0,279178.0,280087.0,279815.0,279034.0,279209.0,279792.0,280378.0,281118.0,,1.66510563013841,2.3696444471055,4.37450238290198,1.83202822787646,2.69993449863051,-7.05099065433484,2.09478896837454,4.46607459000271,,,,,,,,,,,,,11.789,11.715,11.573,11.572,11.565,12.951,12.531,11.888,11.749,11.75,26007149.1590192,61544514.3227108,90038650.0,5937840.0,12731150.0,-15547610.0,-25624450.0,-9480300.0,-6496060.0,,,,,,,,,,,
QAT,Qatar,161739955576.923,151732181868.132,161099122225.275,183334953818.681,176371267689.082,144411363345.27,179732009554.846,235709325708.341,213002809330.267,,2344557.0,2477113.0,2545820.0,2580734.0,2638657.0,2794148.0,2504910.0,2657333.0,2656032.0,,4.75334572438737,3.06419188430156,-1.49760470227838,1.23487220191065,0.688240959581748,-3.55760399909477,1.62684672468288,4.18500971344966,1.18715991184813,,1.8140772393776,2.6765917009819,0.394878914083005,0.255815382724408,-0.666641124861147,-2.5403150300476,2.30446565742003,4.99527553740761,3.02764899198902,1.26734310292375,0.17,0.15,0.14,0.11,0.1,0.14,0.14,0.13,0.13,0.126,1070879120.87912,773901098.901099,985989010.989011,-2186263736.26374,-2812637362.63736,-2434065934.06593,-1093406593.40659,76098901.0989008,-474175824.175824,,37257529105.0352,31887349772.9792,15007730964.8132,30358280804.0766,39718464943.2827,40972506521.4797,42212542110.0839,47389335669.7513,51538727785.639,44692252847.2612
ROU,Romania,177885131240.315,185290759248.844,210147385855.419,243468683030.34,251677082534.495,252033792712.145,286578196368.297,296354358293.475,350775856415.189,,19815616.0,19702267.0,19588715.0,19473970.0,19371648.0,19265250.0,19122059.0,19048502.0,19059479.0,,3.1570360543854,2.85993252302089,8.19547826641261,6.120930007146,3.92326384963494,-3.67438440910189,5.5457096259051,3.96530766311717,2.40427177912809,,-0.594156437495203,-1.54479666813897,1.3390212110439,4.62548443137779,3.82785432599438,2.63107311184743,5.05232876096582,13.7954887432521,10.3971874764996,-4.5191101423114,6.812,5.901,4.927,4.187,3.912,5.035,5.59,5.614,5.589,5.379,4317731472.30633,6252035766.42823,5952909608.10492,7343560129.25217,7365441773.73218,3602418172.35716,11768726824.985,11477511658.9305,8708794314.55246,,38700983240.8315,39953479392.8854,44429296937.0156,42129061937.9341,42006529633.5014,52190562712.0396,51885588481.0885,55810109299.0554,72999646521.5027,64698509621.2734
RUS,Russian Federation,1363482182197.71,1276786350881.14,1574199360089.0,1657328773461.31,1693115002708.32,1493075894362.14,1843392293734.38,2266029240645.34,2021421476035.42,,144640716.0,145015460.0,145293260.0,145398106.0,145453291.0,145245148.0,144746762.0,144236933.0,143826130.0,,-1.97271922580408,0.193690071260534,1.82579006401834,2.80724541059601,2.19807571335009,-2.65365450102773,5.61429037578345,-2.06971152527731,3.60000000000001,,15.5344050528403,7.04244762954799,3.68332944412233,2.87829723647884,4.47036660760173,3.38165937237898,6.69445891957612,,,,5.615,5.591,5.238,4.871,4.513,5.62,4.749,3.867,3.076,2.527,6852970000.0,32538900000.0,28557440000.0,8784850000.0,31974770000.0,9478810000.0,40450000000.0,-39800944226.9806,-10045103795.0207,,368042950258.841,377052204307.945,432730507964.11,468645216082.719,555179461638.925,596769862769.564,632241824796.464,581709956946.206,597217063819.197,
RWA,Rwanda,8543759677.58157,8695272300.91019,9252834336.49492,9637904655.17446,10349300380.33,10174387374.3478,11069280649.6459,13316160895.0447,14097768472.1883,,11640022.0,11919183.0,12202060.0,12487996.0,12776103.0,13065837.0,13355260.0,13651030.0,13954471.0,,8.8568555974538,5.97074525431094,3.91817093628465,8.51646722592409,9.44738518613097,-3.37368746369782,10.8579677614975,8.15773308481241,8.24128769450616,,2.52850284192421,7.17434301982009,8.27953672260832,-0.311210160390699,3.34787655037648,9.85039902274207,-0.391346748300791,17.6892095588153,19.789546746467,1.77029240198635,11.838,11.801,11.875,10.759,11.236,11.829,15.775,15.084,12.352,11.994,162083820.997161,279747327.598381,274025990.659944,366192315.50624,263172335.23,152614120.95,211896128.856101,305101863.38,459166412.257306,,917998055.127134,1013756070.46449,1179065818.21496,1354658758.16221,1464573537.8348,1719668098.77361,1867263803.70416,1725574898.68952,1834050909.65197,2406450701.62443
SAS,South Asia,2733651859001.15,3011071812937.53,3433921311742.89,3534066859804.7,3658209765835.5,3493120726808.9,4079874340683.11,4327392880815.64,4494987381110.1,,1788492725.0,1809951345.0,1831474329.0,1852836645.0,1874070006.0,1895144142.0,1914263569.0,1932289074.0,1951539835.0,,7.25162814486748,7.7763033561632,6.50145864333524,6.33468913203174,3.92432562415496,-4.58270181946476,8.76361420829579,6.31320371820945,6.77854269975873,,4.15825589072151,4.17139021053493,4.52022867508868,3.33139516437672,3.6289496588547,5.6602199868936,5.33942885799218,7.67387306987714,6.38195135323062,,6.90755040475197,6.76215422479501,6.87856489772945,6.9988724648697,6.20782246480721,7.50644145337956,6.38900638352055,5.04134225042857,4.53316078699426,4.5634021252246,49718769794.1024,50932456612.9365,46334263754.3824,48656125367.053,56679175734.3765,68956274057.2352,50056964827.048,54693654055.6548,33176800365.1805,,,,,,,,,,,
SAU,Saudi Arabia,669484266666.667,666000000000.0,714994666666.667,846583733333.333,838564800000.0,734271200000.0,874156000000.0,1108571466666.67,1067582933333.33,,29816382.0,30954198.0,30977355.0,30196281.0,30063799.0,31552510.0,30784383.0,32175224.0,33264292.0,,4.5090590631757,1.88449273567737,0.911048655580274,3.19922678028009,1.09773374954092,-3.58153486307663,5.07511034987979,7.48598429134137,-0.754914810584665,,1.20607322150109,2.06884036053473,-0.838194579675018,2.45814158007532,-2.09333333333329,3.44545825956692,3.06328988941547,2.4740737192537,2.32708518362692,1.68792112375817,5.6,5.6,5.89,6.029,5.636,7.66,6.621,5.589,4.008,3.896,3970644084.62136,21954833889.9561,1014062501.14037,12141122232.904,3079217251.32355,1621264195.43532,28350373333.3334,26710062133.3334,22803498160.5829,,626989686477.742,547266635919.121,509457096430.156,509468527336.473,514962537825.302,472850970844.846,473889603512.936,478231707665.7,457948635287.488,436769021307.929
SDN,Sudan,51726758676.7677,42630376000.0,41283617976.1905,32333780383.2924,32338079165.2893,27034593750.0,34229513774.9936,51666875363.0963,109265503110.904,,40024431.0,41259892.0,42714306.0,44230596.0,45548175.0,46789231.0,48066924.0,49383346.0,50042791.0,,1.91017689052751,3.46764218409288,0.70925628476644,-2.6809305497999,-2.17825104530091,-3.62980082410752,-1.8685204827207,-0.957816591119183,-20.1115759693272,,16.9095706050977,17.750253831196,32.3516260968437,63.2925073455888,50.9940515002965,163.257782355458,359.093040778999,138.80846024176,,,14.347,13.606,12.953,12.303,11.658,11.958,11.044,7.53,,,1728373403.43067,1063767535.33587,1065298481.41867,1135787164.04941,825354992.310273,716939710.59488,522869616.855921,573504494.776,,,173516490.886742,168284353.053784,177933851.813136,,,,,,,
SEN,Senegal,17774766696.1759,19040312333.1864,20996562943.5979,23116701556.1381,23403995992.1354,24530513037.7518,27520784129.7508,27619479059.6131,30848333083.7055,,14593331.0,15034521.0,15475002.0,15914498.0,16352922.0,16789219.0,17220867.0,17651103.0,18077573.0,,6.36704365066983,6.35606857181878,7.4074861863013,6.20924103389086,4.61362809749708,1.3420737726679,6.54400109964304,3.82586363675534,4.58406140454957,,0.13521193363526,0.837284942557434,1.3181531484778,0.460985642464282,1.76011151192938,2.54314685681652,2.18032278088147,9.69681899081073,5.93947798773215,,6.757,4.455,4.078,3.455,2.863,3.437,3.44,2.837,2.8,2.992,409166125.81491,472409799.846776,588292997.958708,847841574.790216,1065461344.07466,1845665272.73823,2588127208.45378,2928675555.20779,4789996739.26743,,,,,,,,,,,
SGP,Singapore,307998545269.398,319053943915.005,343257164581.712,376892697588.005,376901649222.451,349488382610.662,434111559282.849,498474540987.78,501427500080.059,,5535002.0,5607283.0,5612253.0,5638676.0,5703569.0,5685807.0,5453566.0,5637022.0,5917648.0,,2.97679931634806,3.58864369582668,4.51292631770927,3.51711418509255,1.34505874082728,-3.86979893430043,9.69076687082064,3.83807678519807,1.07503175095101,,-0.522618167075298,-0.532268739716253,0.576260310166349,0.43862011844684,0.565260568780326,-0.181916666666634,2.30485959040484,6.12106004039418,4.82146729476466,2.36645846996694,3.79,4.08,4.2,3.613,3.1,4.1,4.64,3.591,3.444,3.182,69774553124.9432,65363061549.6076,102165867081.847,82009180716.7877,105890494138.633,80732866659.8214,137269287548.537,148763733075.435,175241466623.637,,251875782494.842,251058293461.882,285000274600.258,292715632357.011,285477830549.322,369834181899.806,425097835210.8,296628740109.38,359834756845.917,365494398350.791
SLB,Solomon Islands,1307909887.55212,1379490304.2254,1469789119.08756,1615478393.28614,1619155017.3924,1536145814.17007,1522794913.0914,1566360686.10632,1633319401.19414,,639415.0,662379.0,685672.0,709101.0,728147.0,744498.0,762591.0,781066.0,800005.0,,1.67614615649777,5.55473153366954,3.07534803424636,2.74599542334096,1.74856655451832,-3.3811475409836,2.56434975416948,2.40248143622522,3.07976981501386,,-0.57446928635949,0.512485626268792,0.488686760261083,3.46147484973729,1.63485544012247,2.96354992076065,-0.115437894412839,5.51812928576938,5.88585897042164,,0.735,0.734,0.725,0.72,0.743,0.864,0.884,1.483,1.455,1.47,32222728.563544,37343622.7695983,42883975.6278544,24992541.5163262,32787092.7202953,8980046.94191946,27919072.2390487,40718832.6899574,78895436.2399954,,519562129.906361,513960963.295802,574230569.143112,617115407.092056,571632111.089413,660995997.34991,694515407.823578,661603757.979699,688220066.972769,
SLE,Sierra Leone,6651626733.64854,6042615859.61074,5818480351.63706,6390514688.52816,6523577590.38319,6688594757.62129,7165214367.64956,7119137321.90082,6411869546.28929,,7037655.0,7205328.0,7379299.0,7554563.0,7731991.0,7912558.0,8094602.0,8276807.0,8460512.0,,-20.4910741067999,6.34672785193577,3.7538032140037,3.47290262012454,5.50270937378153,-1.2533490322766,5.8968527047094,5.3135546141915,5.7100218981806,,6.68943562498681,10.8860609413903,18.2215094003386,16.0295447693699,14.8049990906021,13.4468711101052,11.8739588840234,27.2082883814653,47.6428733253179,28.6337500014115,4.606,4.294,3.834,3.192,3.203,3.508,3.556,3.175,3.153,3.126,252435829.433901,138509469.264081,413724476.112753,250446053.545995,342400000.0,172699178.4246,212289192.761103,293970572.80401,201800561.279411,,579013520.60832,497242646.676568,549121050.851388,501210759.592547,530137881.482077,707703898.12545,945907747.182478,624496474.631725,495698793.817761,
SLV,El Salvador,23438240000.0,24191430000.0,24979190000.0,26020850000.0,26881140000.0,24921190000.0,29043140000.0,31988920000.0,34015620000.0,,6183676.0,6200800.0,6213533.0,6219807.0,6222318.0,6234673.0,6255782.0,6280319.0,6309624.0,,2.40000008852115,2.53906241135864,2.24761908134138,2.4124442237792,2.43747159065784,-7.893101359867,11.9047617015957,2.79955216943868,3.51097706608982,,-0.731384487387957,0.60404908699661,1.0123540331558,1.09033000581892,0.0753241350024612,-0.371590212324095,3.46692585313082,7.19861615609867,4.04554694222477,0.853782292567288,3.998,4.418,4.385,4.006,4.17,5.008,4.327,2.999,2.992,2.839,494541718.092298,479469380.713821,503801415.183001,412743968.360673,696287032.758767,386532637.677301,800443454.959999,10244829.5099997,638117023.61,,2786587496.10091,3238334348.81609,3567268275.79971,3568810597.97393,4445830632.52269,3082859548.1397,3426052270.22409,2694849266.61349,3079168947.08155,3589659290.22734
SMR,San Marino,1419401070.56043,1468343139.74326,1528620346.31168,1655353653.05934,1616232125.12587,1544714493.24409,1855395999.76534,1831700577.08904,,,32897.0,33101.0,33825.0,34522.0,34663.0,34770.0,34252.0,33755.0,33860.0,,2.29150556129265,2.34440586055426,0.258265466328027,1.49390531817373,2.06568514732739,-6.64791081780605,13.8977895076234,7.89844145767604,,,0.145686073241066,0.644075340346552,1.01413313194508,1.16333522293158,0.472651967352852,-0.133368898372915,1.61551411551421,5.32545321311365,5.93190858629403,1.24216507945569,,,,,,,,,,,,,,,,,,,,,378976113.953944,450983493.470616,359153967.380821,338919975.008337,473069834.537933,781674169.94328,954382643.359993,716066334.08873,836088074.053394,
SOM,Somalia,6152149080.00168,6613743089.99932,7621501720.00021,7873440838.36559,8655023960.002,8628393719.99922,9483997404.25227,10202767269.9603,10968517090.0004,,13806963.0,14348740.0,14916629.0,15452487.0,16030971.0,16651191.0,17271431.0,17801897.0,18358615.0,,10.4621884118733,7.03487297368963,14.7357951487888,2.05431485565899,2.82431336541845,-2.75248103927831,3.45822792939802,2.72711429582988,4.21638432609835,,,,,,,,,,,,18.597,18.578,18.523,18.738,18.828,19.413,19.662,19.05,18.941,18.861,303000000.0,330000000.0,369000000.0,408000000.0,447000000.0,534000000.0,601000000.0,636000000.0,676500000.0,,,,,,,,,,,
SRB,Serbia,41297410634.9586,42225495909.5633,45972834713.8077,52787520248.9242,53864693664.5568,55874017668.998,66159884072.5308,66797564758.339,81342660752.3732,,7095383.0,7058322.0,7020858.0,6982604.0,6945235.0,6899126.0,6834326.0,6664449.0,6623183.0,,1.29573851189748,2.97519779211943,2.36339378690924,4.64935035491007,4.75020793899014,-0.950023991851594,7.94905650472278,2.63098644408841,3.84747112784942,,1.39235822000187,1.12231397417769,3.13106248590115,1.95984076293801,1.84922984511086,1.57553290083415,4.08510285335102,11.9815117344703,12.3719043552519,4.6705297488997,17.66,15.257,13.477,12.733,10.395,9.011,9.843,8.439,8.268,7.39,2343139735.74774,2355214636.94213,2894615965.23761,4071895067.82106,4268709249.60984,3485786682.97845,4600176721.12404,4612248811.51069,4937541972.22336,,11344953319.4664,10748918412.8601,11906315333.2437,12874374086.5037,14994710381.1554,16586724160.6969,18616661464.3849,20679650165.5243,27569406103.6015,26445152929.2429
SSA,Sub-Saharan Africa (excluding high income),1668612318336.04,1521735272179.07,1659172753388.87,1781016674647.24,1834336253943.3,1721810881901.34,1933570427279.37,2073339118621.98,2042436971778.64,,1025157695.0,1052729467.0,1080845804.0,1109900238.0,1139217993.0,1168916989.0,1198912667.0,1229088695.0,1259782580.0,,2.86833581783543,1.24548650021734,2.49986842615439,2.74571340553811,2.6656579087162,-2.00007133500614,4.33003791419443,3.65272179860958,2.79890609439795,,3.47238752883653,5.49410463760061,5.20971705914209,4.27462198610545,2.867588034469,3.84286439841881,4.43905481215002,9.45955253039717,6.69759990789844,,5.85502520009926,5.94167376890049,6.07750640915143,6.10632797505626,6.2679212107601,6.803309525677,6.9876633959167,6.19801853183662,5.88775361694401,5.82352536708496,45130325757.7918,32240048741.5207,27874091072.6569,28241782887.5219,27492069524.3477,24126138893.442,71259871929.4262,37574719023.7392,40390023914.498,,,,,,,,,,,
SSD,South Sudan,11997800760.2242,,,,,,,,,,11107561.0,10830102.0,10259154.0,10122977.0,10423384.0,10698467.0,10865780.0,11021177.0,11483374.0,,-10.7933646271143,,,,,,,,,,52.7663304192142,379.999585624026,187.851630279442,83.5015294921999,87.2413641500033,29.6758435538571,10.5167158294359,-6.68732094212672,2.38280434813759,,12.485,12.955,13.111,12.952,12.709,14.319,14.029,12.545,12.477,,150000.0,-7850000.0,1420000.0,60140000.0,-2210000.0,17500000.0,67500000.0,121500000.0,-6335000.0,,229880518.366327,68159818.6400242,33820210.9558201,36396368.1998606,378281747.007865,183614816.68196,341932479.973586,94914465.1760947,72880855.2161364,
SSF,Sub-Saharan Africa,1670044721688.17,1523303785527.21,1660848124029.88,1782800988574.01,1836204944040.04,1723193433652.91,1935057601074.18,2075397087141.81,2044578421949.78,,1025251114.0,1052824144.0,1080941647.0,1109997000.0,1139315618.0,1169015451.0,1199011925.0,1229208573.0,1259902353.0,,2.87323361203298,1.25481148858775,2.5040987530099,2.74788731025927,2.66854097205147,-2.0102020704477,4.32649868175427,3.66294712725723,2.79926945385927,,3.55075967356746,5.43051966119156,5.19795180719179,4.09297819300637,2.83514555687506,3.48393567493204,4.61874544887136,9.39383877456591,6.34221743124953,,5.85502520009926,5.94167376890049,6.07750640915143,6.10632797505626,6.2679212107601,6.803309525677,6.9876633959167,6.19801853183662,5.88775361694401,5.82352536708496,45236219354.9951,32308395485.4488,28071402316.8029,28546955281.3132,27749155876.1521,24206192374.8478,71371827693.8004,37764546413.0187,40629730208.6999,,,,,,,,,,,
SST,Small states,197793250964.946,205051950301.873,225723317837.563,244622967831.528,247266169547.517,222762059252.071,258942107761.124,287505638394.077,305546743662.392,,18501574.0,18738677.0,19007273.0,19225348.0,19408893.0,19572194.0,19777900.0,20005272.0,20253539.0,,2.73066457286055,3.3974984811926,4.52121471831342,3.68315197106463,3.25788150038622,-6.66300886960755,7.2026232150623,8.00640924430738,4.80110345404002,,0.562405884956054,0.643389055936928,1.63405189110426,2.10970464135017,1.17954334821808,0.356840516820702,2.41075255288779,6.2153247069029,4.81585792589553,,8.57328851446373,8.35743471426821,7.95839164590901,7.68329154788694,7.36778798685857,8.76921579076571,8.32665127077856,7.63719827053478,7.24829729410405,7.1060728150314,35464578507.7928,9976226044.95797,85150110779.8872,160611675528.341,156303477405.848,-35922936321.3533,105971901496.355,46777026913.404,38399057344.1432,,,,,,,,,,,
STP,Sao Tome and Principe,259999643.047388,292267272.196925,322002845.229335,383717327.830508,412976082.620705,471229484.607144,524402455.54816,540809499.189348,678976264.835436,,200291.0,203689.0,206970.0,210187.0,213392.0,217435.0,221961.0,226305.0,230871.0,,1.5397042826735,5.17682468684113,4.11297966281954,4.37812808264972,2.01431672129407,2.62485949543812,1.89929891337832,0.168698492216564,0.372252775001456,,5.24587835022454,5.43051966119156,5.6902961992902,7.86859628873909,7.72024525213248,9.81932791540146,8.13777038378732,18.0056351122841,21.2589138473,,10.594,9.686,8.808,8.714,8.831,9.686,9.6,8.992,9.071,9.17,27924059.1401315,23331087.1205748,34208489.0333144,23698321.4864449,24191799.5128288,47112184.7725813,59000132.7402932,126744195.956601,18442030.0,,72864704.9867351,63203006.4164723,58950229.500284,43683545.117539,47148376.7357912,75287733.6769769,75017386.4624661,64476467.0374442,46247347.8884686,
SUR,Suriname,5126237646.22072,3317421648.09918,3591679430.99988,3996198866.57453,4016040575.08796,2911807496.20227,3107923197.96954,3791603200.0259,3455146280.83975,,581627.0,587757.0,593713.0,599513.0,605768.0,612317.0,617896.0,623164.0,628886.0,,-3.41304268067621,-4.91166050905851,1.56603782534897,4.94827108468886,1.16758977233877,-15.9751917148622,-2.43538583612838,2.40622235601218,2.53956675446825,,6.89390359168238,55.4123879763196,21.9969430173304,,,34.889784309078,59.1196626251977,52.446027276241,51.5873159600861,16.2296159130279,7.22,7.917,7.888,7.693,7.556,8.76,8.491,8.16,7.631,7.325,183665852.69756,231666845.653766,96075554.7414536,130960766.326423,84160363.8257407,1039899.7054992,-132705617.4897,-9305315.36959886,-53096300.2393143,,330244649.262198,381050648.917497,424603963.080103,580780344.590911,647934729.692427,584929135.567322,992256911.851906,1194597643.59574,1346122670.63627,1530494163.61207
SVK,Slovak Republic,89178548717.3324,90347173228.6356,95978130734.9766,106611673364.837,105843498304.094,107732602896.441,120592216208.386,115928615553.286,132908336234.295,,5423801.0,5430798.0,5439232.0,5446771.0,5454147.0,5458827.0,5447247.0,5431752.0,5426740.0,,5.1768795103709,1.94781902582312,2.87473225538896,4.06212036983018,2.27589918160336,-2.5855125291319,5.72698854011892,0.449673875081572,1.37833727209444,,-0.325219777427673,-0.520010196278266,1.31194588223228,2.51403712883812,2.66456133425431,1.93694126694223,3.14960629921268,12.7741463637611,10.5319476645211,2.75760909424272,11.492,9.679,8.142,6.544,5.761,6.719,6.894,6.143,5.84,5.234,1520379416.31372,4768259092.47383,4222907458.38991,2252379829.31736,2279811254.28144,-1141703441.49018,2719672546.63371,4827084865.74814,-327742481.72746,,2892029439.91285,2879889589.86374,3620878540.50759,5229297354.833,7168770088.19532,9343714002.21729,9609533728.63927,10280260081.4338,11288019853.7365,11793061858.1508
SVN,Slovenia,42709468274.8137,44290685824.0682,48153200134.6613,53689067639.9176,53909922735.545,53384760135.1581,61529280461.092,59927702746.2843,69148468417.3208,,2063531.0,2065042.0,2066388.0,2073894.0,2088385.0,2102419.0,2108079.0,2112076.0,2120461.0,,2.39330872436074,3.03441395415184,5.17440453956443,4.37908171612922,3.50525166840163,-4.08499815297814,8.38965032094461,2.69923755687375,2.11259184318999,,-0.525552285820877,-0.054999541670474,1.42910743319306,1.7386086198818,1.63052260754344,-0.05485681576061,1.91706506089259,8.83369886749452,7.44687717385838,1.96562656432512,8.962,8.0,6.564,5.108,4.446,4.971,4.744,4.011,3.652,3.357,1730147099.28225,1446274234.68465,1196228604.6928,1538137615.35452,2151537534.12248,506269486.820006,2219247755.80675,2180392923.46606,1447634542.25339,,856213889.025237,742060176.083081,889788337.683431,933092542.007261,1015426218.95744,1311110695.57558,2266987091.84422,2267946375.45725,2369992496.30557,2566300984.62503
SWE,Sweden,501698263620.663,514218206628.325,536083940228.684,551312498430.164,532169294165.94,545147614972.141,637186904843.636,579895717343.956,584960475767.32,,9799186.0,9923085.0,10057698.0,10175214.0,10278887.0,10353442.0,10415811.0,10486941.0,10536632.0,,4.41014067579341,2.34974080432539,1.82515601494717,1.90296458840773,2.54964785253048,-2.00533750353763,5.9375085730744,1.45928850757269,-0.310670184725893,,-0.0467847449832812,0.984269244577992,1.79449904665589,1.95353530127028,1.78415097403835,0.497367318853572,2.16319736447153,8.36929098869189,8.54862489748902,2.83581658224034,7.432,6.99,6.718,6.365,6.833,8.291,8.722,7.392,7.611,8.528,9777569491.28413,15470455705.9977,24305209924.7369,-714153381.400275,15882460441.2862,18517762637.6113,57981119709.6784,53953062150.4294,18016399579.3573,,58098544752.6552,59361642625.4786,62191481193.5854,60566144400.5195,55509629819.8897,58260344659.2008,62053165556.5423,64288785008.4922,60862760991.0537,52023373806.7168
SWZ,Eswatini,3878174403.5524,3705918654.13708,4437538381.32249,4659474399.74018,4594818143.27624,4105756862.55271,4737671576.32851,4695372785.0814,4442875788.08505,,1142813.0,1149507.0,1158195.0,1168929.0,1179874.0,1192729.0,1206593.0,1218917.0,1230506.0,,1.35489493183989,3.5289979506086,2.46505860491378,0.769171433736886,4.96212142479391,-2.88706296038356,3.39933858133693,-0.0676192583464115,5.01490471257054,,4.95124493704919,7.8472745908568,6.22137528933118,4.81506167461513,2.59801620311077,,,,,,23.285,22.718,24.523,26.369,28.138,32.944,34.153,35.359,35.086,34.4,31498094.370293,26852077.6519874,-57647593.3929901,31130826.6571528,127970921.965401,38787632.6722704,112865288.26855,13350248.303289,28132551.483073,,547997264.064542,564314115.627588,563119751.253451,440685903.013845,440314152.603377,545564174.123745,572281510.898637,452351748.185594,479261051.167947,
SXM,Sint Maarten (Dutch part),1417888715.0838,1427017206.70391,1353212122.90503,1259200446.92737,1407880446.92737,1236428100.55866,1353071061.45251,1537088715.0838,1627776949.27374,,37471.0,38249.0,38996.0,39712.0,40385.0,41008.0,41571.0,42139.0,42749.0,,0.105813149997005,0.96775836306881,-7.53521399882428,-6.85698299227944,10.9650009352392,-13.3167887221567,4.57759677933345,9.80000111145777,3.8,,0.330027165141066,0.111682655737579,2.19201010962985,,,,,,,,,,,,,,,,,,27770949.7206704,41553072.6256983,64248297.0446927,-47915083.4748603,73868338.1005587,22167460.0446927,26815119.6089385,17081418.575419,45267218.4134078,,,,,,,,,,,
SYC,Seychelles,1432403352.12944,1568513348.14463,1675370641.01416,1784313926.76807,1868690096.73454,1382551751.56908,1487173794.80528,2057968519.83091,2141450171.13932,,93419.0,94677.0,95843.0,96762.0,97625.0,98462.0,99258.0,119878.0,119773.0,,8.9140088750469,12.1175272453913,6.95416218794271,4.93947272254312,5.5142920737342,-11.7398608281732,0.552281631207279,14.9768513322959,3.16171435490999,,4.04194410725617,-1.01548191697626,2.85679575568437,3.70291839111568,1.80709400809982,1.20266463987123,9.76909936973542,2.6260363285129,-1.03530088431952,0.311726050919668,,,,,,,,,,,105893597.203315,68346743.9281734,197311244.14602,305172393.791333,257086351.804392,80053481.4058233,111955764.374216,189827389.279516,239706294.201897,,536145674.407411,523503786.87859,545203276.387118,549521831.728019,580545515.11504,559681941.832234,702584737.676732,638960849.807493,682793969.314271,773677575.743445
SYR,Syrian Arab Republic,16466863117.0009,12597854877.4254,16369843352.3453,21497782867.6426,22583045060.0821,12047752036.091,14353205678.4991,23622827079.5047,,,19424618.0,19193834.0,19224668.0,19577845.0,20353534.0,21049429.0,21628839.0,22462173.0,23594623.0,,-4.179791613232,-6.4055907393619,-0.723281777470547,1.39317607830837,1.22070522070523,-0.697154504235129,1.85421590064124,0.732781301861365,,,38.4611429599733,47.7051615298923,18.0752696281771,0.940983843906769,13.4175653228571,,,,,,14.243,13.795,13.597,13.497,13.36,15.191,14.877,13.268,13.187,12.962,,,,,,,,,,,,,,,,,,,,
TCA,Turks and Caicos Islands,942070000.0,1032452000.0,1028941663.2,1128749004.5304,1177285211.72521,774653669.315186,1045782453.5755,1228794382.95121,1402054390.94734,,36605.0,38315.0,39913.0,41559.0,43166.0,44386.0,45243.0,45847.0,46198.0,,11.3148341336331,7.25118054973062,-2.5,5.61059358355325,5.31092524837173,-26.782932872099,9.02549747146406,6.19999948551566,1.19999674543641,,,,,,,,,,,,,,,,,,,,,,-69888000.0,16590000.0,22068000.0,42227000.0,26961670.0,30418890.0,28690280.0,35000000.0,32659570.0,,,,,,,,,,,
TCD,Chad,10950392256.9543,10097778098.1707,10000394381.0177,11239167898.3395,11314951091.7283,10715396042.3343,11779981332.8631,12396807588.4082,13149325362.3347,,14647621.0,15114655.0,15622759.0,16156531.0,16685223.0,17224679.0,17828273.0,18455316.0,19319064.0,,2.76767568484473,-6.25552708545281,-2.98869598553931,2.37403780037786,3.24718191743429,-1.60000673705524,-1.16918700397552,2.80434074839411,4.12231962001739,,4.37712665065654,-0.792440525236016,-1.53709962980849,4.27462198610545,-0.971939175419317,4.4641443723286,-0.772844370359139,5.78802687843616,10.8363568399842,8.89950732263761,0.974,1.047,1.116,1.135,1.084,1.707,1.548,1.096,1.074,1.088,559642020.0,244682120.0,363381640.0,460890510.0,566638950.0,557692500.0,705100760.0,614018510.0,913332720.0,,368916823.816674,8184292.08845216,8575237.41520014,147750165.909777,310032032.850238,390675163.109219,211590754.917343,1013220923.95659,1049788251.30153,
TEA,East Asia & Pacific (IDA & IBRD countries),13312998658413.0,13604410103345.8,14869982084029.0,16628455562440.2,17201604143343.6,17474730731538.4,20824108313726.3,21098845523342.9,21136712800814.7,,2030504270.0,2045816761.0,2061449949.0,2074796982.0,2086281644.0,2095759417.0,2102350702.0,2107261123.0,2111139152.0,,6.70766657618562,6.56644580914802,6.70954479361785,6.52778143223802,5.78420207599952,1.24356740541252,7.60200454123525,3.38615269954697,5.10738915793692,,1.08648629940414,1.75711158908291,2.88291164981212,2.91740921289151,1.93321335810515,2.3931623931624,2.6124818577648,5.51812928576938,5.93194206291786,,4.13498800489396,4.05094529389803,3.9281651171289,3.8185338900756,3.91055814607334,4.38272643965065,4.13976979107785,4.24554875686717,3.99023937769226,3.90141243499666,305983017420.631,220182389865.987,239728297407.838,311050637127.277,260787118967.687,302623243045.435,437431337217.747,278268415648.242,116103804958.459,,,,,,,,,,,
TEC,Europe & Central Asia (IDA & IBRD countries),3632527035829.26,3490883944149.38,3922723280455.31,4091548485168.69,4175889218401.02,3916846154218.45,4642906015416.13,5237811052696.8,5497903850286.88,,454002756.5,456330266.5,458504366.5,460515553.5,462573906.0,463913014.5,463790894.0,461440170.5,459025452.0,,1.48756018897012,1.85766692826026,4.29586591190494,3.7331316373658,2.69832336359124,-1.46293331370264,7.39199851749453,1.7303779573498,3.64984350109363,,3.86763469978395,0.755576135536745,3.13106248590115,2.611223782638,2.67599202639893,2.73249209419427,5.10641129002836,13.8875841659221,9.4023569492879,,7.64210348176057,7.47526827082234,7.12553159533485,6.68602119949787,6.74057982241333,7.23741604434341,6.8319668511332,5.68431126209161,5.16074258293559,4.7345394195908,73926658348.2131,112427810814.41,86624803533.8118,71907974405.0097,100339297856.616,64634930378.6684,136508800054.564,55498125320.8357,80443817931.3624,,,,,,,,,,,
TGO,Togo,5755461035.38026,6071170959.12093,6387422517.69225,7029300383.08031,6992700101.37188,7400284167.78479,8342243645.94438,8169476148.95692,9171261837.57103,,7663195.0,7858289.0,8057140.0,8258778.0,8463068.0,8669720.0,8878379.0,9089738.0,9304337.0,,5.46803129272737,4.21489560925825,4.00813326162304,4.7950602703237,4.92292591685973,1.99215501870344,5.99087610392314,5.75954251521733,6.40792215636242,,2.58500390801595,1.28544847051417,-0.981889868943119,0.927755426457183,0.674652770077436,1.69928463299408,4.1862150652352,7.96757361617945,5.48928568141124,,2.204,2.968,3.744,2.898,2.036,2.225,2.333,1.965,1.948,1.94,257860036.464441,-46308331.6178517,88558699.5022234,-180972714.795729,345697546.971432,-59206820.0004109,-136221500.0,-173300710.0,33590550.0,,,,,,,,,,,
THA,Thailand,401296238228.084,413366349747.508,456356813536.764,506754208404.485,543976691793.886,500461898480.246,506256494297.34,495645210972.751,514968699239.005,,70540795.0,70859841.0,71160187.0,71376079.0,71522271.0,71641484.0,71727332.0,71735329.0,71702435.0,,3.13404724911635,3.43515771692182,4.1776810321001,4.22287028746071,2.11455779628278,-6.05003846851622,1.56818176501186,2.46276934050356,1.88725725050934,,-0.900424963291569,0.188149704448234,0.665631893135106,1.06389754183015,0.706728601314311,-0.845937147357041,1.23039541318384,6.07741228434321,1.22802623546169,,0.597,0.688,0.83,0.765,0.716,1.099,1.215,0.94,0.733,0.693,8927579182.16217,3486184390.30069,8285169819.69135,13747219811.1792,5534140214.60468,-4293910676.95961,15389597696.2421,11854822037.8763,6516045720.14977,,156459956382.606,171772074486.519,202538295197.399,205640628937.522,224355506654.641,258104429788.605,246025242648.57,216500525687.125,224470464418.923,217261360075.014
TJK,Tajikistan,8271431485.07484,6992416096.89018,7536402852.85802,7764999999.45362,8300813599.3084,8133963550.65742,8937805347.13963,10713525200.3998,12060602008.8478,,8643840.0,8865631.0,9085946.0,9307333.0,9529966.0,9749310.0,9966908.0,10182222.0,10389799.0,,6.01930331771186,6.89999999999999,7.10000041864309,7.5999988895536,7.40000016310556,4.40000111553493,9.39999955037523,8.00000033846364,8.29999921651935,,5.7145594964971,6.00458082322139,,,,,,,,,11.485,11.5,11.487,11.437,11.419,12.321,12.333,11.634,11.546,11.635,454012320.0,241616267.20903,185827080.700795,220862232.3377,212809730.699297,106534792.807917,84038181.4649617,174022240.52391,140579836.62608,,493391433.036105,644763434.415511,1291955730.80213,1284070863.38126,1466304531.22901,2238305810.05378,2498779540.05517,3847356746.4018,3303825209.68631,
TKM,Turkmenistan,35799714285.7143,36169428571.4286,37926285714.2857,40765428571.4286,45232857142.8571,45818000000.0,50007428571.4286,58972000000.0,60628857142.8571,,6215770.0,6360041.0,6507061.0,6655524.0,6803944.0,6949912.0,7092043.0,7230193.0,7364438.0,,6.49999990951666,6.1999999664301,6.50000004682975,6.19999994137119,6.30000004226711,5.900000048526,6.20000001747076,6.19999993621698,6.30015758549871,,,,,,,,,,,,4.016,4.031,4.044,4.044,4.043,4.501,4.459,4.109,4.099,4.304,3042968000.0,2243160000.0,2085944140.0,1606640190.0,1853632130.0,1436241800.0,1287334690.0,936039710.0,1378312080.0,,,,,,,,,,,
TLA,Latin America & the Caribbean (IDA & IBRD countries),5197174644055.66,5056165834541.36,5634727349358.65,5506624568680.82,5413333286802.23,4561922258737.73,5313451270078.42,6049066571917.19,6779682191342.68,,603091701.0,609017063.0,614776664.0,620274430.0,625467307.0,630051021.0,633862610.0,637837815.0,642397939.0,,0.359823355642689,-0.339238287258539,1.99360595478683,1.67734292073834,0.681040123297166,-6.50820119505285,7.25639388996417,3.98805098564577,2.17205461841291,,2.92482169718974,2.53781710390567,2.8227580554717,2.29810236299038,2.0916386224491,1.38042647320286,3.8780544241113,7.83844572166295,4.63202285403356,,6.71903446791338,7.81136575474109,8.12755696513525,8.03324720484733,8.10424349109534,10.3522494542699,9.27350464000943,6.99769011843402,6.27705803055615,6.31152830640779,174926037864.58,167788333107.995,160135773565.205,174263104595.237,157092432584.324,104876099173.667,145514331196.319,199195495267.924,170428532148.061,,,,,,,,,,,
TLS,Timor-Leste,1590282400.0,1640464600.0,1584878400.0,1555988600.0,2032550400.0,2162619200.0,3624889700.0,3208594000.0,2079916900.0,,1205131.0,1228312.0,1251703.0,1275959.0,1300945.0,1326053.0,1350139.0,1369295.0,1384286.0,,2.48004040218397,3.00993062553351,-3.18241522489195,-0.466502170658785,24.2128840085001,31.7257416721413,5.363126627216,-20.584244040573,-18.1178133769718,,0.552796026277853,-1.33853876185163,0.557215537430361,2.63647201015892,0.958812739703141,0.495499215459571,3.69792094666786,7.00530945399787,8.42035103310377,2.06284153005468,3.678,4.657,4.248,3.778,3.097,2.782,2.344,1.537,1.521,1.603,42995500.0,5478700.0,6715937.467148,47925664.570816,-238994863.059712,-712696166.42672,-419035233.174685,-395383447.111064,-50105695.0812543,,437752180.980057,280953720.723143,544434360.995242,673903564.681158,656221032.73923,656523631.709921,934780578.64168,830810029.645485,781994896.673166,
TMN,Middle East & North Africa (IDA & IBRD countries),1447589143238.17,1482397387590.82,1483102386761.12,1474394288640.86,1463042606051.1,1313341152321.83,1534644180082.25,1722755540109.65,1653767249808.37,,379959947.0,386631346.0,393349907.0,400206414.0,407148671.0,413658033.0,420057840.0,427185536.0,434952414.0,,0.463181703886789,5.37017236001734,3.13868130052055,1.8210430882053,0.900649819619844,-3.1411095521172,4.30904291844524,4.10622844926141,3.23056945698201,,4.437371273215,3.62939937384381,5.30884839565844,4.46231108475481,3.00538949390383,2.09626938944792,5.46019980671871,7.48175163603345,7.70665764216232,,12.2953909899345,12.4417079696535,12.6211399238132,12.1467211648243,11.3782438782609,11.9610860736542,11.5984181323461,11.0310304277689,10.8670875152924,10.8587476656264,8974601890.06584,13357538132.8064,16563797615.1671,15131924067.5058,13799665071.6692,10045812977.2382,9582123439.62612,16647527094.5911,10573773074.6387,,,,,,,,,,,
TON,Tonga,437525514.240726,420828262.317922,459976850.268529,489714518.002333,494197841.113077,496856295.76752,518228012.09129,518180042.241509,,,106095.0,105524.0,105356.0,105567.0,105669.0,105704.0,105490.0,105042.0,104597.0,,1.11374405685874,6.59870436118344,3.2023165092282,0.68755058264442,-0.208437487640992,1.78339492959161,0.362601971842835,-2.30986002720401,,,-1.05399831971283,2.57815515245081,7.51706283551115,5.03209691984874,1.17954334821808,-0.349737696727496,5.64051140636751,10.9713652903022,6.35112980255189,3.18364611260058,2.024,2.046,2.131,2.248,2.157,2.699,2.111,2.302,2.262,2.192,14759825.6788606,16625145.1000079,-15671794.4503867,23210808.8977197,-6108376.82484508,3824444.91119021,258487.567441336,2911551.97014839,4926184.93725698,-12079633.3594311,156107668.817026,176497315.495875,198522418.422513,215149318.603045,218448401.776129,298947629.788317,361811847.800967,375564012.935228,396530126.417996,
TSA,South Asia (IDA & IBRD),2733651859001.15,3011071812937.53,3433921311742.89,3534066859804.7,3658209765835.5,3493120726808.9,4079874340683.1,4327392880815.64,4494987381110.1,,1788492725.0,1809951345.0,1831474329.0,1852836645.0,1874070006.0,1895144142.0,1914263569.0,1932289074.0,1951539835.0,,7.25162814486748,7.7763033561632,6.50145864333524,6.33468913203174,3.92432562415496,-4.58270181946476,8.76361420829579,6.31320371820945,6.77854269975873,,4.15825589072151,4.17139021053493,4.52022867508868,3.33139516437672,3.6289496588547,5.6602199868936,5.33942885799218,7.67387306987714,6.38195135323062,,6.90755040475197,6.76215422479501,6.87856489772945,6.9988724648697,6.20782246480721,7.50644145337956,6.38900638352055,5.04134225042857,4.53316078699426,4.5634021252246,49718769794.1024,50932456612.9365,46334263754.3824,48656125367.053,56679175734.3765,68956274057.2352,50056964827.048,54693654055.6548,33176800365.1805,,,,,,,,,,,
TSS,Sub-Saharan Africa (IDA & IBRD countries),1670044721688.17,1523303785527.21,1660848124029.88,1782800988574.01,1836204944040.04,1723193433652.91,1935057601074.18,2075397087141.81,2044578421949.78,,1025251114.0,1052824144.0,1080941647.0,1109997000.0,1139315618.0,1169015451.0,1199011925.0,1229208573.0,1259902353.0,,2.87323361203293,1.25481148858779,2.5040987530099,2.74788731025922,2.66854097205152,-2.01020207044768,4.3264986817543,3.66294712725717,2.79926945385928,,3.55075967356746,5.43051966119156,5.19795180719179,4.09297819300637,2.83514555687506,3.48393567493204,4.61874544887136,9.39383877456591,6.34221743124953,,5.85502520009926,5.94167376890049,6.07750640915143,6.10632797505626,6.2679212107601,6.803309525677,6.98766339591669,6.19801853183662,5.88775361694401,5.82352536708496,45236219354.9951,32308395485.4488,28071402316.8029,28546955281.3132,27749155876.1521,24206192374.8478,71371827693.8004,37764546413.0187,40629730208.6999,,,,,,,,,,,
TTO,Trinidad and Tobago,27026750552.9647,23722678429.8078,24040211327.4898,24569257295.0918,23775659262.5735,20807716174.0546,24496397204.7176,30053446092.0128,27372285697.9477,,1349667.0,1353895.0,1356633.0,1359193.0,1363985.0,1366725.0,1367558.0,1365805.0,1367510.0,,-0.777459952231411,-7.52713742248807,-4.80082842878679,-0.602464842311747,0.3612724057636,-9.07787689348437,-1.03742621022469,1.48223484044745,1.34767518168188,,4.66121598098264,3.07066742464024,1.88038440183532,1.01856930188822,1.00054293027237,0.598986330824643,2.05922746915458,5.82838638517959,4.62930242419968,0.526884625776839,2.428,3.207,3.394,3.498,3.523,4.206,4.446,4.383,4.21,4.546,176829744.888445,-23598182.380677,-470882577.73977,-700185701.199984,183972765.263861,1055969147.72389,-934781798.364976,-913501690.396033,-1555474291.26021,,9927294618.75719,9464961137.25085,8369757249.16876,7575050348.59939,6928951713.59145,6953756951.24419,6879594621.96588,6832392604.5144,6255633381.74802,5437606533.60312
TUN,Tunisia,45779494041.9295,44360072680.4476,42163530590.9462,42686504459.801,41905642418.825,42491780918.361,46812290143.344,44579761022.8993,48529595416.6533,,11402264.0,11528674.0,11650498.0,11765514.0,11875081.0,11974057.0,12048622.0,12119334.0,12200431.0,,0.967703108220121,1.11742594891074,2.23783867965943,2.62493010870395,1.58784665466504,-9.01193412390238,4.7363207484732,2.67331821840567,0.0391565674939329,,4.437371273215,3.62939937384381,5.30884839565844,7.30759176031652,6.72007532863799,5.63415115897625,5.706350208307,8.30646124447623,9.32899597507865,7.20661657168794,15.159,15.557,15.33,15.459,17.153,17.656,16.611,15.3,15.106,16.203,970521888.740203,622569482.161979,810936482.841998,991385678.114219,815012991.372017,623075275.921853,547411353.644915,643213141.178691,727083940.246083,,7559201960.29189,6137077790.03259,6143986079.65126,5661370258.89029,7919981404.82365,9810630874.82627,8845557076.37304,8094326708.95378,9239745488.47506,8769595097.75793
TUR,Turkiye,864313810469.009,869682881593.041,858988492853.742,778972108040.602,761005915750.925,720338490327.248,819865223976.115,907118434653.505,1118252964260.77,,78218479.0,79277962.0,80312698.0,81407204.0,82579440.0,83384680.0,84147318.0,84979913.0,85325965.0,,6.08448690443663,3.32308420845746,7.50199748917491,3.0131703931215,0.818514526726673,1.85987303976462,11.4393956926566,5.53342787492781,5.11116818488702,,7.67085364845877,7.7751341532833,11.1443110840765,16.3324638988928,15.1768215720022,12.2789574462574,19.5964926913324,72.3088359891207,53.8594087593315,58.5064507300343,10.304,10.899,10.919,10.956,13.73,13.148,11.969,10.465,9.388,8.449,19263000000.0,13835000000.0,11190000000.0,12450000000.0,9507000000.0,7675000000.0,12895000000.0,13666000000.0,10951000000.0,,110489628113.015,104810530764.478,107657025384.516,92997230040.5605,105619672447.934,93584577917.0715,111184882382.134,128735003395.893,140868480001.696,90858657478.1688
TUV,Tuvalu,36811936.0824587,41629064.2232388,45276595.3533146,48015259.8751356,54123198.5662913,51746594.3148543,60196405.7138393,59065982.0873657,62280311.5852172,,10963.0,10930.0,10869.0,10751.0,10581.0,10399.0,10194.0,9992.0,9816.0,,10.4166666666667,5.66037735849056,2.44839285714286,1.38728384151602,13.8220984406966,-4.27493206901397,1.8041359113616,0.677309361438304,3.85280919517032,,,,,,,,,,,,,,,,,,,,,,300000.0,300000.0,300000.0,298860.0,298860.0,100000.0,199430.0,199430.0,166290.0,,,,,,,,,,,
TZA,Tanzania,47413919817.124,49774409374.4538,53274884532.7886,57003712892.0858,61026731925.9213,66068737786.0639,70655628147.8986,75769974505.0106,79062403820.892,,52020962.0,53824013.0,55652890.0,57437145.0,59174891.0,60972798.0,62830412.0,64711821.0,66617606.0,,6.16062877406682,6.86711619644551,6.76227716834148,5.46808181528009,5.79999999996723,1.99196460647855,4.32138429480482,4.56600576430955,5.06952353203394,,5.58816952959298,5.17476629301493,5.31871605228931,3.49445848856181,3.4642805799902,3.29029062798325,3.69091958802199,4.35027204269101,3.79923291384916,3.05694676312373,2.159,2.23,2.303,2.393,2.496,2.781,2.821,2.588,2.582,2.576,1506024896.011,864040000.0,937700000.0,971576866.042756,1217235252.41974,943765261.692,1190507398.784,1437575169.471,1627034507.04954,,4080762377.72074,4350687047.93764,5887869884.67437,5049646420.4773,,,,,,
UGA,Uganda,32387183730.1002,29203988696.2626,30744473841.424,32927025619.6795,35348155095.4215,37600368241.6657,40529788748.6737,45565333210.9108,48768955863.3175,,37531446.0,38799152.0,40177388.0,41565831.0,42999637.0,44457152.0,45910930.0,47312719.0,48656601.0,,5.18785986002466,4.78100029254482,3.13140551723596,6.30392378262997,6.43874503276439,2.95130642218098,3.53658034070898,4.58802192181773,5.33697295511469,,5.58968606251725,5.70637504616212,5.20971705914209,2.61601190952274,2.867588034469,3.31332289544502,2.20457204757414,7.1957888597581,5.35094804280395,3.3233806708656,2.679,3.008,3.428,3.25,3.06,3.831,3.422,2.886,2.787,2.941,737652140.151428,625704361.867068,802704141.008568,1055353352.63033,1303000000.0,1191480000.0,1648240000.0,2952960000.0,2991180000.0,,2908876773.27382,3097848069.80846,3720863721.20488,3358514649.90299,,,,,,
UKR,Ukraine,91030967789.0717,93355869403.9223,112090505081.739,130891088293.55,153883047509.577,156617722013.342,199765859570.935,161989520721.19,178757021965.008,,45784896.0,45616832.0,45436041.0,45208907.0,44957458.0,44680014.0,44298640.0,41048766.0,37732836.0,,-9.77298721103519,2.4409819445784,2.35997228099491,3.4883623420827,3.19950386231294,-3.7528179386597,3.44562065700251,-28.7585842132117,5.32433537426355,,48.6998646434424,13.9127101997797,14.4383227488749,10.9518559353178,7.88671745611133,2.73249209419427,9.36313917695223,20.1836366617478,12.8490222828559,6.50198464669254,9.14,9.35,9.5,8.799,8.194,9.475,9.834,,,,-198000000.0,4128000000.0,3680000000.0,4975000000.0,5796000000.0,304000000.0,7954000000.0,221000000.0,4572000000.0,,13300880765.1311,15537256304.3675,18810931196.5576,20817897004.1028,25317002926.8886,29137541200.0461,30966674653.8888,28505931892.0519,40510106307.8863,41484541772.8406
UMC,Upper middle income,19830615812257.5,19907655431181.7,21841603589645.9,23375867162686.5,23748825752032.3,22976120181600.3,27390623700501.0,28547068404946.9,29440021018933.5,,2694528031.0,2716145902.0,2738073366.0,2758643432.0,2777172392.0,2792212417.0,2803460465.0,2810662434.0,2816864459.0,,4.52619822911002,4.57710014283059,5.35490411827293,4.90391901344267,4.06717162257297,-0.499909450913876,7.60792707180717,3.31155600371014,4.41329290543347,,2.72064064964023,2.10670712784054,3.3475783475784,2.83014934367364,2.0239072819035,1.8903591682421,4.02852888157383,8.64091108973855,4.97246170941296,,5.80943885452003,6.04307137925769,6.0511193355803,5.97611834945761,6.11106892294072,6.81216964139814,6.43315019951925,6.05837753228876,5.67666999727191,5.63242128301172,463591674157.012,394510861205.24,391760274792.973,472556232384.844,405716532182.695,395149374990.185,603011645311.989,458712832707.513,275507507533.324,,,,,,,,,,,
URY,Uruguay,57680327998.6689,57480788390.2581,65006039994.56,65344576348.2279,62222325807.0578,53668636567.8667,60760798595.5436,70164683290.3776,77240830877.4597,,3368017.0,3379283.0,3388438.0,3394534.0,3397206.0,3398968.0,3396695.0,3390913.0,3388081.0,,0.370741257681345,1.6897981652001,1.74037648675632,0.164777659980814,0.928351033363754,-7.38014184479323,5.56189279343275,4.70725761465232,0.3674751756175,,8.66626987079328,9.6394134763508,6.2180938256186,7.60653360377047,7.88198870879619,9.75640636078194,7.74791402314762,9.10437983075437,5.86910359896119,4.84914366613156,7.488,7.841,7.89,8.336,8.836,10.413,9.328,7.877,8.355,8.401,2673041339.41286,-515650078.425119,2686509353.42749,1726550037.27185,1466600721.56302,973445343.93392,5165277108.36512,8677430231.24629,-5480769092.96235,,15633854333.4106,13471669447.4569,15959345500.7884,15556520867.2273,14504021740.9161,16250371651.3164,16962770286.5533,15126762057.5326,16256769466.6151,17369289709.5565
USA,United States,18295019000000.0,18804913000000.0,19612102000000.0,20656516000000.0,21539982000000.0,21354105000000.0,23681171000000.0,26006893000000.0,27720709000000.0,,320738994.0,323071755.0,325122128.0,326838199.0,328329953.0,331526933.0,332048977.0,333271411.0,334914895.0,,2.94555045455233,1.81945147474293,2.45762230322211,2.96650506916633,2.58382533018855,-2.16302913866514,6.05505293304576,2.51237531983308,2.88755600906016,,0.118627135552451,1.26158320570536,2.13011000365961,2.44258329692817,1.81221007526021,1.23358439630629,4.69785886363742,8.00279982052121,4.11633838374488,2.94952520485207,5.28,4.869,4.355,3.896,3.669,8.055,5.349,3.65,3.638,4.106,511434000000.0,474388000000.0,380823000000.0,214715000000.0,315984000000.0,137066000000.0,475805000000.0,408982000000.0,348784000000.0,,383728497570.133,405942428719.749,451285263406.24,449907088828.546,516700583371.247,628369715338.322,716152260973.711,706644215998.894,773426187289.128,227759698198.716
UZB,Uzbekistan,86196264755.3105,86138288644.171,69703222282.7278,58695899092.1083,67293639798.3996,66443265418.3086,77340060003.0347,90095926567.4359,101591769702.343,,30749346.0,31284568.0,31819178.0,32373490.0,32964701.0,33586372.0,34243696.0,34938955.0,35652307.0,,7.21877350826054,5.93215079992144,4.39527463345708,5.5591957292327,6.77992399653822,1.56334277259953,8.0346831263811,6.00134232206508,6.29141635081155,,8.75188196737508,8.130886695236,13.8757425441635,17.5241796514055,14.5257359560687,12.8677297362606,10.8492397508122,11.4466436998836,9.95659071258018,9.62825465956682,5.15,5.16,5.83,5.389,4.932,5.293,5.364,4.49,4.46,4.488,1041199291.09393,1662886452.22485,1798299474.68216,624686535.504395,2316482962.28621,1728247827.582,2280290469.82798,2657356365.09624,2156350918.8904,,24287333269.6036,26284410686.6739,28070940955.3947,27077105981.1617,29291325502.0694,34903111839.0572,35375443899.6491,35773956817.6684,34557511091.0994,9144960133.33472
VCT,St. Vincent and the Grenadines,786555555.555555,814303703.703704,844040740.740741,884329629.62963,910766666.666667,869111111.111111,872225925.925926,966492592.592592,1065962962.96296,,106960.0,106349.0,105663.0,104926.0,104167.0,103526.0,102841.0,102046.0,101323.0,,2.78316119435202,4.14593168183934,1.44883063367161,3.1756114423991,0.661727443679865,-3.73914599187015,0.75379707990075,7.1598328657349,6.01610914506236,,-1.73361194953959,-0.149641647633284,2.15333648840511,2.32414485367921,0.91306972532459,-0.628131309354654,1.57272932500558,5.66009779226552,4.56457719814894,3.62770736940927,19.141,19.028,19.006,18.984,19.235,20.636,20.341,19.417,18.574,18.056,123879207.964815,70524768.2973119,165393134.603197,40008167.534307,68838376.2962963,65244280.3703704,167885445.555556,65238462.962963,74007578.8888889,,166009602.198323,192255789.768022,182046079.244525,169562298.93521,193357067.381966,205195146.794269,311902934.999223,320193327.161331,280564003.843077,316823948.572001
VEN,"Venezuela, RB",,,,,,,,,,,30573972.0,30765720.0,30565323.0,29807592.0,28938098.0,28444077.0,28237826.0,28213017.0,28300854.0,,,,,,,,,,,,121.738085297503,254.948534781816,,,,,,,,,6.137,5.319,5.045,5.46,5.876,7.53,7.037,5.707,5.485,5.475,2956000000.0,1587000000.0,-317000000.0,844000000.0,-1367000000.0,1504000000.0,964000000.0,1651000000.0,688000000.0,,15625329211.5224,10150000483.5116,9794062064.62108,,,,,,,
VGB,British Virgin Islands,,,,,,,,,,,34498.0,33878.0,32699.0,34657.0,36395.0,37135.0,37809.0,38319.0,38985.0,,,,,,,,,,,,,,,,,,,,,,,,,,,,,,,,66712741570.0,49022945940.0,39609971330.0,34389709120.0,39103361610.0,39619635210.0,39361498410.0,38118551090.0,39889381820.0,,,,,,,,,,,
VIR,Virgin Islands (U.S.),3663000000.0,3798000000.0,3794000000.0,3923000000.0,4121000000.0,4229000000.0,4507000000.0,4672000000.0,,,107712.0,107516.0,107281.0,107001.0,106669.0,106290.0,105870.0,105413.0,104917.0,,-0.425079702444208,1.6008537886873,-0.735294117647058,1.87830687830687,2.90833549727343,-1.61493817814787,3.66760707873814,-1.31123206333498,,,,,,,,,,,,,12.422,12.515,12.217,12.407,12.551,15.191,14.273,13.007,12.32,12.014,,,,,,,,,,,,,,,,,,,,
VNM,Viet Nam,239258328381.741,257096001177.982,281353605986.903,310106478394.659,334365270496.667,346615738537.796,366474752771.009,410324028883.325,429716969043.572,,92823254.0,94000117.0,95176977.0,96237319.0,97173776.0,98079191.0,98935098.0,99680655.0,100352192.0,,6.98715430598611,6.69000892660424,6.94019037359206,7.46500685572751,7.35926270105006,2.86541320912272,2.55372852648131,8.12351446767343,5.0464307361882,,0.631200905175754,2.66824816969082,3.52025688811617,3.53962805942641,2.7958236745225,3.22093436652514,1.83471554810444,3.15650749963129,3.25289282667662,3.62109273885843,1.848,1.848,1.874,1.161,1.681,2.103,2.385,1.523,1.645,1.431,11800000000.0,12600000000.0,14100000000.0,15500000000.0,16120000000.0,15800000000.0,15660000000.0,17900000000.0,18500000000.0,,28250254960.181,36527291044.3307,49075567812.4586,55452622582.5609,78334835182.609,94833616150.4504,109371353442.833,86539530966.6451,92237540812.2468,
VUT,Vanuatu,730870802.967051,780889605.899977,880061833.690341,914736985.430944,936526267.622513,909421043.508407,950394006.532514,1022219297.50335,1126313359.21923,,266101.0,272087.0,278507.0,285259.0,291985.0,298858.0,305868.0,313046.0,320409.0,,0.366522075389213,4.68875636558563,6.31730538443077,2.90023027256446,3.24118765540442,-4.99249142889525,-1.55229489129462,1.9160570121628,2.21294177094788,,2.48326875660439,0.842069084035061,3.08452624403546,2.33096379566866,2.76252019386111,5.32935073101715,2.34328358208953,6.67930581887121,11.1825017088175,,5.254,5.261,5.287,5.326,5.444,4.046,4.766,5.143,5.082,5.064,31021245.7737035,44178569.3949991,38222690.1627779,37583468.4179765,52849932.2026135,41158955.8450913,43055519.3446168,10694983.2150241,9268550.0,,269167136.176373,267345975.934803,395101633.946324,420592370.174891,511546284.1172,613636752.088083,664751367.261715,638537154.34393,643768389.576285,
WLD,World,75472473882835.1,76702553625899.1,81712043350515.5,86884839554431.6,88149850742946.0,85763013427792.9,97848299706454.8,101770911729948.0,106171667873321.0,,7441471720.5,7528523333.5,7614113551.5,7696494847.5,7776892015.0,7856138789.5,7921184346.0,7989981519.5,8061876001.0,,3.12878689249381,2.81373597388468,3.45144612317303,3.28219699716976,2.6759662924996,-2.87832319647207,6.35008957640488,3.23802126201733,2.83350870346007,,1.44385719270808,1.60553917414213,2.25427651934813,2.44258329692817,2.20607305781525,1.9056635869553,3.4754032028988,7.93092925430087,5.73316283034957,,6.00655926883703,5.97827384301346,5.90723141254145,5.76898308254956,5.59893079520961,6.60880501698705,6.06444597897447,5.26071088886287,4.91657221632923,4.89214997028311,2792082655105.53,2746694993121.72,2255345314341.3,1104241422892.73,1939138387425.16,1199498865799.64,2384047258640.74,1827628542948.15,820399284998.728,,,,,,,,,,,
WSM,Samoa,824150498.653536,843924796.697421,884844384.463214,878448433.404342,912950466.064906,868898358.266437,843923638.733018,832945205.637185,938189443.830393,,201782.0,203499.0,205415.0,207582.0,209780.0,211944.0,213779.0,215261.0,216663.0,,3.8503618166494,7.9838628784713,1.40628239971301,-0.609647103380141,4.45185891688691,-3.10844401053139,-7.07883094291508,-5.30629089966979,8.58409121817338,,0.724470134874729,1.30471869303179,1.74989677484705,4.19745888663752,0.982326569888117,-1.56891247740895,3.13320473174494,10.9618822286844,7.92164684826777,2.17245530514377,8.9,9.062,9.4,8.639,7.838,7.435,6.612,5.048,4.977,4.551,26867532.3239141,2520673.5113578,9215371.78697386,16713450.8645979,-2178815.55211666,4426082.01552919,8948924.65459641,4800455.46477421,2395914.9760041,,112244940.954544,88868313.1645827,123656063.041719,162559147.904381,177244065.937656,277056415.241412,294681800.100088,321163283.656377,447089817.094158,507740280.935857
XKX,Kosovo,6295848422.71573,6682677289.98994,7180764703.35718,7878759714.82322,7899737577.47286,7717145217.81247,9413403724.01899,9354903061.8898,10468219225.4869,,1788274.0,1777568.0,1791019.0,1797086.0,1788891.0,1790152.0,1786080.0,1768096.0,1756366.0,,5.91623128345211,5.57177504731632,4.82565565298054,3.40663227056285,4.75680057007834,-5.34027547826166,10.7456560819583,4.27849895827543,4.06762701436438,,-0.536929392740659,0.273169431045468,1.48823430592319,1.05379773654991,2.67599202639893,0.198227922994854,3.35369139207997,11.5805104542012,4.94432438791283,1.61944994559476,,,,,,,,,,,343350610.602172,243787145.16453,286835212.112418,318542991.552637,285081551.307002,394625250.470225,500927943.330254,764162311.373722,908658506.572891,,770550134.507563,637797614.52744,819582674.409873,881167306.173397,965831893.179934,1095367616.61861,1244319385.1658,1247751320.33903,1245423955.07842,1310096686.95658
YEM,"Yemen, Rep.",42444489522.2303,31317824943.2073,26842228828.5629,21606160783.9845,,,,,,,31159379.0,32109010.0,33090921.0,34085182.0,35111408.0,36134863.0,37140230.0,38222876.0,39390799.0,,-27.9945462536875,-9.37512381761694,-5.07179563883867,0.752447587579127,,,,,,,,,,,,,,,,,17.9,18.416,18.603,17.584,17.202,17.953,18.287,17.363,17.091,17.086,-15444808.3545508,-561000000.0,-269850000.0,-282098330.0,-370982780.0,,,,,,1442757093.53636,877442199.453388,920558927.722887,2983208349.3994,1653643445.98599,969612981.567713,1687999721.249,1250826378.53556,,
ZAF,South Africa,346709790458.563,323585509674.481,381448814653.456,405260723892.517,389330032224.269,337974655408.055,420886877628.703,406920004594.074,380699271814.508,,56723537.0,57259551.0,57635162.0,58613001.0,59587885.0,60562381.0,61502603.0,62378410.0,63212384.0,,1.32186223678229,0.664552307858116,1.15794695181735,1.55678384721676,0.25993557687633,-6.1689177146757,4.95503259440756,1.91147996033504,0.698485194788034,,4.51869094892506,6.60290842394872,5.18618655524149,4.50987264867388,4.10285075461156,3.23238831615113,4.61874544887136,7.03987272546482,6.0752438457966,4.36115246518962,25.149,26.536,27.035,26.906,28.468,29.217,34.007,33.268,32.098,33.168,1521139945.30532,2215307020.39541,2058579911.05235,5569462350.15205,5116098443.48715,3153552569.39325,40658789144.9382,9238990828.45043,3442331506.38971,,45887065756.7249,47180127300.8565,50722891363.2361,51642041966.6735,55055893656.867,55008491995.5568,57597149617.2517,60553113006.2543,62491675820.3129,54912456859.2265
ZMB,Zambia,21251216798.7762,20958412538.3093,25873601260.8353,26311507273.6735,23308667781.2258,18137764930.651,22096416932.0089,29163782140.4858,27577956471.244,,16399089.0,16914423.0,17441320.0,17973569.0,18513839.0,19059395.0,19603607.0,20152938.0,20723965.0,,2.92037511217961,3.75510031678988,3.52586277149926,4.03449389667165,1.44130602603785,-2.78505506545167,6.23492204726448,5.21122360356247,5.36794285493059,,10.1105928909618,17.8697300795268,6.57731154205644,7.4945719272852,9.15031644316296,15.7330604721369,22.0207676245777,10.9932039209136,10.884531691282,,5.942,5.239,4.529,5.033,5.542,6.033,5.199,5.995,5.905,5.961,1582666666.66667,662813935.420472,1107519804.84533,408438491.702336,547967909.612402,245205491.395466,394217415.177069,-65118862.8223029,85907330.4577275,,2967626716.43206,2352719004.10271,2082083919.53427,1569229906.13102,1448624290.19899,1203448374.22209,2753875454.29119,2967565317.1942,3173177777.1366,
ZWE,Zimbabwe,19963120600.0,20548678100.0,51074660513.3715,34156069918.0609,25717409842.4479,26867936444.6826,27240515108.8049,32789751736.3323,35231367885.8554,,14399013.0,14600294.0,14812482.0,15034452.0,15271368.0,15526888.0,15797210.0,16069056.0,16340822.0,,2.02364999592871,0.900955396308504,4.08026390333053,5.00986678330221,-6.33244640703352,-7.81695064681365,8.46801689759531,6.13926326513234,5.33673049519527,,-2.43096842383404,-1.54366960054161,0.893962316050027,10.6188658669575,255.304990757856,557.201817362051,98.5461050920624,104.705170628667,,,5.377,5.886,6.344,6.793,7.373,8.621,9.54,10.087,8.759,8.554,399200000.0,343013813.38,307187738.788,717865322.24885,249500000.0,150360000.0,237480367.76,336761000.0,557873000.0,,434586085.852928,407193244.098736,292621249.111637,86951094.0294849,151240506.889991,33405021.0134395,838780244.641997,598621573.627058,115529709.859095,261372934.72655
